Date,Market,Open,Close,Jodi
28/09/2024,Time Bazar,2,2,61
28/09/2024,Milan Day,3,9,61
28/09/2024,Rajdhani Day,0,1,90
28/09/2024,Kalyan,0,9,34
28/09/2024,Milan Night,0,0,41
28/09/2024,Rajdhani Night,7,3,24
28/09/2024,Main Bazar,7,2,48
29/09/2024,Time Bazar,0,7,93
29/09/2024,Milan Day,4,6,15
29/09/2024,Rajdhani Day,6,2,18
29/09/2024,Kalyan,3,5,2
29/09/2024,Milan Night,6,2,44
29/09/2024,Rajdhani Night,6,3,6
29/09/2024,Main Bazar,4,7,67
30/09/2024,Time Bazar,1,5,79
30/09/2024,Milan Day,2,4,81
30/09/2024,Rajdhani Day,2,1,13
30/09/2024,Kalyan,5,9,8
30/09/2024,Milan Night,1,6,33
30/09/2024,Rajdhani Night,5,9,79
30/09/2024,Main Bazar,2,3,33
01/10/2024,Time Bazar,8,6,97
01/10/2024,Milan Day,6,3,96
01/10/2024,Rajdhani Day,6,6,13
01/10/2024,Kalyan,4,3,10
01/10/2024,Milan Night,5,8,68
01/10/2024,Rajdhani Night,9,1,3
01/10/2024,Main Bazar,1,3,47
02/10/2024,Time Bazar,6,1,43
02/10/2024,Milan Day,3,7,68
02/10/2024,Rajdhani Day,6,4,47
02/10/2024,Kalyan,0,0,98
02/10/2024,Milan Night,8,4,86
02/10/2024,Rajdhani Night,1,6,87
02/10/2024,Main Bazar,9,1,71
03/10/2024,Time Bazar,7,9,87
03/10/2024,Milan Day,1,3,18
03/10/2024,Rajdhani Day,7,5,12
03/10/2024,Kalyan,5,2,29
03/10/2024,Milan Night,3,2,67
03/10/2024,Rajdhani Night,9,1,38
03/10/2024,Main Bazar,3,7,99
04/10/2024,Time Bazar,3,3,56
04/10/2024,Milan Day,0,8,77
04/10/2024,Rajdhani Day,4,4,50
04/10/2024,Kalyan,8,9,25
04/10/2024,Milan Night,1,5,92
04/10/2024,Rajdhani Night,4,3,3
04/10/2024,Main Bazar,7,7,25
05/10/2024,Time Bazar,1,7,59
05/10/2024,Milan Day,1,2,85
05/10/2024,Rajdhani Day,0,9,33
05/10/2024,Kalyan,3,1,76
05/10/2024,Milan Night,3,1,72
05/10/2024,Rajdhani Night,6,5,98
05/10/2024,Main Bazar,9,4,78
06/10/2024,Time Bazar,5,9,24
06/10/2024,Milan Day,3,3,17
06/10/2024,Rajdhani Day,8,5,77
06/10/2024,Kalyan,7,5,0
06/10/2024,Milan Night,8,1,4
06/10/2024,Rajdhani Night,5,4,50
06/10/2024,Main Bazar,7,1,22
07/10/2024,Time Bazar,7,7,36
07/10/2024,Milan Day,1,8,41
07/10/2024,Rajdhani Day,6,5,90
07/10/2024,Kalyan,3,1,37
07/10/2024,Milan Night,7,7,53
07/10/2024,Rajdhani Night,6,3,51
07/10/2024,Main Bazar,5,9,13
08/10/2024,Time Bazar,9,1,56
08/10/2024,Milan Day,1,5,7
08/10/2024,Rajdhani Day,0,3,6
08/10/2024,Kalyan,2,7,51
08/10/2024,Milan Night,0,0,26
08/10/2024,Rajdhani Night,5,9,15
08/10/2024,Main Bazar,3,6,47
09/10/2024,Time Bazar,1,6,3
09/10/2024,Milan Day,1,3,8
09/10/2024,Rajdhani Day,5,1,43
09/10/2024,Kalyan,2,2,2
09/10/2024,Milan Night,0,2,79
09/10/2024,Rajdhani Night,0,3,97
09/10/2024,Main Bazar,0,5,46
10/10/2024,Time Bazar,0,7,88
10/10/2024,Milan Day,1,0,17
10/10/2024,Rajdhani Day,5,3,4
10/10/2024,Kalyan,8,4,93
10/10/2024,Milan Night,5,1,80
10/10/2024,Rajdhani Night,9,1,58
10/10/2024,Main Bazar,8,4,68
11/10/2024,Time Bazar,7,9,20
11/10/2024,Milan Day,0,9,95
11/10/2024,Rajdhani Day,3,5,52
11/10/2024,Kalyan,2,7,31
11/10/2024,Milan Night,3,9,36
11/10/2024,Rajdhani Night,2,3,19
11/10/2024,Main Bazar,8,0,23
12/10/2024,Time Bazar,7,9,27
12/10/2024,Milan Day,9,7,14
12/10/2024,Rajdhani Day,7,4,78
12/10/2024,Kalyan,0,2,74
12/10/2024,Milan Night,3,7,37
12/10/2024,Rajdhani Night,0,7,68
12/10/2024,Main Bazar,6,8,5
13/10/2024,Time Bazar,3,2,43
13/10/2024,Milan Day,3,9,71
13/10/2024,Rajdhani Day,8,0,14
13/10/2024,Kalyan,7,2,48
13/10/2024,Milan Night,3,4,96
13/10/2024,Rajdhani Night,2,7,77
13/10/2024,Main Bazar,4,7,84
14/10/2024,Time Bazar,0,7,63
14/10/2024,Milan Day,4,1,17
14/10/2024,Rajdhani Day,2,7,89
14/10/2024,Kalyan,4,4,47
14/10/2024,Milan Night,7,9,94
14/10/2024,Rajdhani Night,1,5,58
14/10/2024,Main Bazar,9,5,10
15/10/2024,Time Bazar,6,0,94
15/10/2024,Milan Day,6,4,53
15/10/2024,Rajdhani Day,4,6,25
15/10/2024,Kalyan,2,4,32
15/10/2024,Milan Night,4,8,6
15/10/2024,Rajdhani Night,8,8,56
15/10/2024,Main Bazar,5,6,4
16/10/2024,Time Bazar,9,0,80
16/10/2024,Milan Day,5,6,68
16/10/2024,Rajdhani Day,8,4,40
16/10/2024,Kalyan,1,9,7
16/10/2024,Milan Night,5,4,72
16/10/2024,Rajdhani Night,3,5,54
16/10/2024,Main Bazar,2,6,97
17/10/2024,Time Bazar,9,4,96
17/10/2024,Milan Day,5,7,39
17/10/2024,Rajdhani Day,1,3,93
17/10/2024,Kalyan,8,3,56
17/10/2024,Milan Night,7,6,57
17/10/2024,Rajdhani Night,1,1,66
17/10/2024,Main Bazar,4,9,9
18/10/2024,Time Bazar,3,8,53
18/10/2024,Milan Day,3,8,70
18/10/2024,Rajdhani Day,1,7,23
18/10/2024,Kalyan,5,5,2
18/10/2024,Milan Night,5,8,97
18/10/2024,Rajdhani Night,9,7,45
18/10/2024,Main Bazar,1,8,68
19/10/2024,Time Bazar,4,2,71
19/10/2024,Milan Day,6,2,65
19/10/2024,Rajdhani Day,6,0,32
19/10/2024,Kalyan,2,9,75
19/10/2024,Milan Night,5,0,9
19/10/2024,Rajdhani Night,3,7,18
19/10/2024,Main Bazar,2,5,1
20/10/2024,Time Bazar,0,7,75
20/10/2024,Milan Day,8,1,56
20/10/2024,Rajdhani Day,7,0,64
20/10/2024,Kalyan,1,4,22
20/10/2024,Milan Night,1,0,91
20/10/2024,Rajdhani Night,1,6,63
20/10/2024,Main Bazar,9,6,77
21/10/2024,Time Bazar,6,1,93
21/10/2024,Milan Day,7,2,38
21/10/2024,Rajdhani Day,0,3,39
21/10/2024,Kalyan,8,6,37
21/10/2024,Milan Night,5,8,48
21/10/2024,Rajdhani Night,5,1,72
21/10/2024,Main Bazar,7,8,17
22/10/2024,Time Bazar,1,8,19
22/10/2024,Milan Day,2,3,42
22/10/2024,Rajdhani Day,0,7,59
22/10/2024,Kalyan,8,5,5
22/10/2024,Milan Night,5,1,38
22/10/2024,Rajdhani Night,0,8,0
22/10/2024,Main Bazar,9,2,51
23/10/2024,Time Bazar,2,3,6
23/10/2024,Milan Day,7,3,97
23/10/2024,Rajdhani Day,9,4,80
23/10/2024,Kalyan,9,7,0
23/10/2024,Milan Night,2,4,91
23/10/2024,Rajdhani Night,9,5,85
23/10/2024,Main Bazar,6,8,48
24/10/2024,Time Bazar,4,1,32
24/10/2024,Milan Day,7,0,62
24/10/2024,Rajdhani Day,7,3,64
24/10/2024,Kalyan,2,6,99
24/10/2024,Milan Night,4,7,3
24/10/2024,Rajdhani Night,3,1,21
24/10/2024,Main Bazar,3,0,47
25/10/2024,Time Bazar,4,4,76
25/10/2024,Milan Day,3,3,96
25/10/2024,Rajdhani Day,7,4,91
25/10/2024,Kalyan,7,4,1
25/10/2024,Milan Night,2,3,90
25/10/2024,Rajdhani Night,6,8,24
25/10/2024,Main Bazar,1,9,60
26/10/2024,Time Bazar,3,5,29
26/10/2024,Milan Day,6,7,95
26/10/2024,Rajdhani Day,7,5,44
26/10/2024,Kalyan,7,8,2
26/10/2024,Milan Night,2,0,71
26/10/2024,Rajdhani Night,1,0,27
26/10/2024,Main Bazar,5,9,33
27/10/2024,Time Bazar,6,5,48
27/10/2024,Milan Day,9,6,48
27/10/2024,Rajdhani Day,0,6,49
27/10/2024,Kalyan,0,0,58
27/10/2024,Milan Night,0,8,16
27/10/2024,Rajdhani Night,4,7,25
27/10/2024,Main Bazar,4,6,30
28/10/2024,Time Bazar,4,9,90
28/10/2024,Milan Day,2,7,60
28/10/2024,Rajdhani Day,3,6,41
28/10/2024,Kalyan,5,3,89
28/10/2024,Milan Night,0,8,97
28/10/2024,Rajdhani Night,2,4,8
28/10/2024,Main Bazar,3,2,36
29/10/2024,Time Bazar,2,8,54
29/10/2024,Milan Day,4,0,3
29/10/2024,Rajdhani Day,8,5,41
29/10/2024,Kalyan,4,2,14
29/10/2024,Milan Night,1,8,11
29/10/2024,Rajdhani Night,7,2,89
29/10/2024,Main Bazar,8,3,34
30/10/2024,Time Bazar,3,3,61
30/10/2024,Milan Day,6,2,77
30/10/2024,Rajdhani Day,0,5,46
30/10/2024,Kalyan,1,1,40
30/10/2024,Milan Night,7,6,87
30/10/2024,Rajdhani Night,6,8,26
30/10/2024,Main Bazar,4,0,58
31/10/2024,Time Bazar,6,4,24
31/10/2024,Milan Day,0,0,59
31/10/2024,Rajdhani Day,0,9,86
31/10/2024,Kalyan,5,5,38
31/10/2024,Milan Night,1,8,37
31/10/2024,Rajdhani Night,8,5,91
31/10/2024,Main Bazar,4,9,34
01/11/2024,Time Bazar,4,4,0
01/11/2024,Milan Day,6,8,48
01/11/2024,Rajdhani Day,0,1,76
01/11/2024,Kalyan,2,6,42
01/11/2024,Milan Night,4,7,58
01/11/2024,Rajdhani Night,1,3,39
01/11/2024,Main Bazar,1,5,52
02/11/2024,Time Bazar,4,6,90
02/11/2024,Milan Day,9,5,31
02/11/2024,Rajdhani Day,7,6,56
02/11/2024,Kalyan,2,8,12
02/11/2024,Milan Night,4,7,95
02/11/2024,Rajdhani Night,2,1,65
02/11/2024,Main Bazar,3,1,58
03/11/2024,Time Bazar,8,5,54
03/11/2024,Milan Day,9,3,34
03/11/2024,Rajdhani Day,1,9,59
03/11/2024,Kalyan,7,8,28
03/11/2024,Milan Night,1,6,2
03/11/2024,Rajdhani Night,4,5,84
03/11/2024,Main Bazar,5,0,37
04/11/2024,Time Bazar,2,5,0
04/11/2024,Milan Day,2,2,27
04/11/2024,Rajdhani Day,8,1,9
04/11/2024,Kalyan,7,5,80
04/11/2024,Milan Night,2,5,94
04/11/2024,Rajdhani Night,4,1,35
04/11/2024,Main Bazar,8,4,28
05/11/2024,Time Bazar,9,3,62
05/11/2024,Milan Day,9,8,5
05/11/2024,Rajdhani Day,0,7,16
05/11/2024,Kalyan,1,6,80
05/11/2024,Milan Night,8,7,0
05/11/2024,Rajdhani Night,8,2,58
05/11/2024,Main Bazar,9,8,43
06/11/2024,Time Bazar,6,1,50
06/11/2024,Milan Day,8,4,22
06/11/2024,Rajdhani Day,2,7,54
06/11/2024,Kalyan,4,0,64
06/11/2024,Milan Night,7,8,47
06/11/2024,Rajdhani Night,1,2,93
06/11/2024,Main Bazar,1,2,64
07/11/2024,Time Bazar,2,8,83
07/11/2024,Milan Day,3,7,99
07/11/2024,Rajdhani Day,9,9,39
07/11/2024,Kalyan,0,8,78
07/11/2024,Milan Night,9,6,72
07/11/2024,Rajdhani Night,5,4,27
07/11/2024,Main Bazar,5,3,15
08/11/2024,Time Bazar,1,4,62
08/11/2024,Milan Day,2,4,49
08/11/2024,Rajdhani Day,4,6,56
08/11/2024,Kalyan,6,9,52
08/11/2024,Milan Night,4,5,34
08/11/2024,Rajdhani Night,7,1,17
08/11/2024,Main Bazar,8,8,9
09/11/2024,Time Bazar,2,5,87
09/11/2024,Milan Day,7,9,19
09/11/2024,Rajdhani Day,6,5,88
09/11/2024,Kalyan,4,0,14
09/11/2024,Milan Night,1,3,73
09/11/2024,Rajdhani Night,4,8,96
09/11/2024,Main Bazar,5,7,48
10/11/2024,Time Bazar,8,3,45
10/11/2024,Milan Day,6,4,0
10/11/2024,Rajdhani Day,9,0,1
10/11/2024,Kalyan,4,7,1
10/11/2024,Milan Night,2,9,97
10/11/2024,Rajdhani Night,2,8,34
10/11/2024,Main Bazar,4,4,55
11/11/2024,Time Bazar,2,4,9
11/11/2024,Milan Day,0,3,67
11/11/2024,Rajdhani Day,7,7,92
11/11/2024,Kalyan,1,5,30
11/11/2024,Milan Night,0,0,71
11/11/2024,Rajdhani Night,3,3,60
11/11/2024,Main Bazar,8,0,89
12/11/2024,Time Bazar,0,3,71
12/11/2024,Milan Day,9,5,60
12/11/2024,Rajdhani Day,3,6,99
12/11/2024,Kalyan,0,5,68
12/11/2024,Milan Night,7,1,31
12/11/2024,Rajdhani Night,9,1,69
12/11/2024,Main Bazar,1,2,63
13/11/2024,Time Bazar,6,2,14
13/11/2024,Milan Day,6,1,37
13/11/2024,Rajdhani Day,3,5,71
13/11/2024,Kalyan,7,0,35
13/11/2024,Milan Night,1,7,91
13/11/2024,Rajdhani Night,4,9,96
13/11/2024,Main Bazar,7,2,33
14/11/2024,Time Bazar,1,9,50
14/11/2024,Milan Day,6,3,73
14/11/2024,Rajdhani Day,6,0,21
14/11/2024,Kalyan,4,4,28
14/11/2024,Milan Night,4,9,52
14/11/2024,Rajdhani Night,1,6,92
14/11/2024,Main Bazar,8,4,1
15/11/2024,Time Bazar,4,4,41
15/11/2024,Milan Day,1,9,49
15/11/2024,Rajdhani Day,6,1,67
15/11/2024,Kalyan,2,4,92
15/11/2024,Milan Night,9,8,47
15/11/2024,Rajdhani Night,3,0,36
15/11/2024,Main Bazar,7,1,34
16/11/2024,Time Bazar,6,0,92
16/11/2024,Milan Day,6,3,79
16/11/2024,Rajdhani Day,9,6,8
16/11/2024,Kalyan,1,9,36
16/11/2024,Milan Night,4,5,18
16/11/2024,Rajdhani Night,5,6,24
16/11/2024,Main Bazar,6,8,17
17/11/2024,Time Bazar,4,9,92
17/11/2024,Milan Day,0,0,34
17/11/2024,Rajdhani Day,9,4,21
17/11/2024,Kalyan,8,2,64
17/11/2024,Milan Night,9,4,69
17/11/2024,Rajdhani Night,7,0,72
17/11/2024,Main Bazar,6,2,12
18/11/2024,Time Bazar,6,1,98
18/11/2024,Milan Day,9,0,15
18/11/2024,Rajdhani Day,4,6,38
18/11/2024,Kalyan,7,2,1
18/11/2024,Milan Night,4,0,68
18/11/2024,Rajdhani Night,8,7,1
18/11/2024,Main Bazar,5,5,21
19/11/2024,Time Bazar,4,6,97
19/11/2024,Milan Day,1,6,36
19/11/2024,Rajdhani Day,0,7,66
19/11/2024,Kalyan,0,3,52
19/11/2024,Milan Night,8,0,38
19/11/2024,Rajdhani Night,6,7,84
19/11/2024,Main Bazar,3,6,53
20/11/2024,Time Bazar,1,8,36
20/11/2024,Milan Day,2,4,73
20/11/2024,Rajdhani Day,5,4,8
20/11/2024,Kalyan,0,2,15
20/11/2024,Milan Night,5,5,35
20/11/2024,Rajdhani Night,4,2,92
20/11/2024,Main Bazar,5,1,85
21/11/2024,Time Bazar,8,1,30
21/11/2024,Milan Day,4,4,82
21/11/2024,Rajdhani Day,4,2,17
21/11/2024,Kalyan,2,3,4
21/11/2024,Milan Night,5,7,2
21/11/2024,Rajdhani Night,6,8,75
21/11/2024,Main Bazar,6,7,72
22/11/2024,Time Bazar,1,6,5
22/11/2024,Milan Day,2,6,15
22/11/2024,Rajdhani Day,2,5,64
22/11/2024,Kalyan,1,8,77
22/11/2024,Milan Night,0,1,74
22/11/2024,Rajdhani Night,5,2,10
22/11/2024,Main Bazar,7,2,63
23/11/2024,Time Bazar,9,9,83
23/11/2024,Milan Day,9,8,69
23/11/2024,Rajdhani Day,1,0,54
23/11/2024,Kalyan,2,5,27
23/11/2024,Milan Night,3,5,56
23/11/2024,Rajdhani Night,2,8,63
23/11/2024,Main Bazar,8,1,75
24/11/2024,Time Bazar,0,2,4
24/11/2024,Milan Day,4,7,67
24/11/2024,Rajdhani Day,6,7,82
24/11/2024,Kalyan,4,3,44
24/11/2024,Milan Night,6,5,65
24/11/2024,Rajdhani Night,1,8,25
24/11/2024,Main Bazar,2,6,10
25/11/2024,Time Bazar,5,2,24
25/11/2024,Milan Day,4,7,67
25/11/2024,Rajdhani Day,3,4,9
25/11/2024,Kalyan,6,7,38
25/11/2024,Milan Night,8,3,90
25/11/2024,Rajdhani Night,3,2,80
25/11/2024,Main Bazar,5,6,17
26/11/2024,Time Bazar,1,3,28
26/11/2024,Milan Day,8,1,77
26/11/2024,Rajdhani Day,8,6,83
26/11/2024,Kalyan,4,6,38
26/11/2024,Milan Night,3,8,26
26/11/2024,Rajdhani Night,9,3,80
26/11/2024,Main Bazar,0,8,22
27/11/2024,Time Bazar,0,5,91
27/11/2024,Milan Day,3,1,73
27/11/2024,Rajdhani Day,3,3,95
27/11/2024,Kalyan,1,8,53
27/11/2024,Milan Night,5,5,4
27/11/2024,Rajdhani Night,7,9,56
27/11/2024,Main Bazar,4,5,96
28/11/2024,Time Bazar,3,4,27
28/11/2024,Milan Day,1,1,71
28/11/2024,Rajdhani Day,2,0,74
28/11/2024,Kalyan,3,5,54
28/11/2024,Milan Night,9,9,74
28/11/2024,Rajdhani Night,9,8,91
28/11/2024,Main Bazar,2,1,22
29/11/2024,Time Bazar,1,5,56
29/11/2024,Milan Day,5,0,31
29/11/2024,Rajdhani Day,6,0,86
29/11/2024,Kalyan,5,6,77
29/11/2024,Milan Night,3,3,73
29/11/2024,Rajdhani Night,0,5,88
29/11/2024,Main Bazar,3,9,55
30/11/2024,Time Bazar,9,3,12
30/11/2024,Milan Day,3,3,78
30/11/2024,Rajdhani Day,5,1,4
30/11/2024,Kalyan,4,1,1
30/11/2024,Milan Night,6,2,8
30/11/2024,Rajdhani Night,9,8,35
30/11/2024,Main Bazar,1,4,15
01/12/2024,Time Bazar,5,4,93
01/12/2024,Milan Day,2,3,27
01/12/2024,Rajdhani Day,3,2,52
01/12/2024,Kalyan,1,8,17
01/12/2024,Milan Night,8,3,12
01/12/2024,Rajdhani Night,5,1,40
01/12/2024,Main Bazar,9,4,83
02/12/2024,Time Bazar,6,1,67
02/12/2024,Milan Day,2,4,66
02/12/2024,Rajdhani Day,7,5,63
02/12/2024,Kalyan,3,3,50
02/12/2024,Milan Night,8,0,36
02/12/2024,Rajdhani Night,1,2,6
02/12/2024,Main Bazar,8,8,60
03/12/2024,Time Bazar,9,1,42
03/12/2024,Milan Day,8,8,39
03/12/2024,Rajdhani Day,9,7,61
03/12/2024,Kalyan,8,2,90
03/12/2024,Milan Night,4,8,45
03/12/2024,Rajdhani Night,3,8,67
03/12/2024,Main Bazar,3,4,7
04/12/2024,Time Bazar,0,5,41
04/12/2024,Milan Day,7,4,22
04/12/2024,Rajdhani Day,5,6,16
04/12/2024,Kalyan,1,8,53
04/12/2024,Milan Night,4,9,91
04/12/2024,Rajdhani Night,6,9,0
04/12/2024,Main Bazar,5,3,60
05/12/2024,Time Bazar,3,3,40
05/12/2024,Milan Day,4,8,99
05/12/2024,Rajdhani Day,7,8,44
05/12/2024,Kalyan,5,9,64
05/12/2024,Milan Night,0,4,98
05/12/2024,Rajdhani Night,5,0,45
05/12/2024,Main Bazar,2,8,1
06/12/2024,Time Bazar,3,1,71
06/12/2024,Milan Day,9,1,48
06/12/2024,Rajdhani Day,2,0,28
06/12/2024,Kalyan,7,0,33
06/12/2024,Milan Night,4,5,98
06/12/2024,Rajdhani Night,9,6,57
06/12/2024,Main Bazar,6,2,10
07/12/2024,Time Bazar,3,1,46
07/12/2024,Milan Day,6,8,42
07/12/2024,Rajdhani Day,6,8,45
07/12/2024,Kalyan,6,4,76
07/12/2024,Milan Night,0,6,4
07/12/2024,Rajdhani Night,9,1,36
07/12/2024,Main Bazar,0,9,41
08/12/2024,Time Bazar,4,6,87
08/12/2024,Milan Day,8,5,88
08/12/2024,Rajdhani Day,7,6,18
08/12/2024,Kalyan,6,9,95
08/12/2024,Milan Night,6,9,53
08/12/2024,Rajdhani Night,4,5,40
08/12/2024,Main Bazar,8,0,46
09/12/2024,Time Bazar,2,4,19
09/12/2024,Milan Day,2,9,71
09/12/2024,Rajdhani Day,4,5,25
09/12/2024,Kalyan,1,8,7
09/12/2024,Milan Night,9,6,70
09/12/2024,Rajdhani Night,2,3,31
09/12/2024,Main Bazar,4,1,40
10/12/2024,Time Bazar,4,8,68
10/12/2024,Milan Day,3,9,3
10/12/2024,Rajdhani Day,3,1,61
10/12/2024,Kalyan,0,7,31
10/12/2024,Milan Night,6,1,45
10/12/2024,Rajdhani Night,5,1,1
10/12/2024,Main Bazar,8,9,53
11/12/2024,Time Bazar,4,1,62
11/12/2024,Milan Day,1,0,69
11/12/2024,Rajdhani Day,5,2,76
11/12/2024,Kalyan,3,6,76
11/12/2024,Milan Night,1,2,51
11/12/2024,Rajdhani Night,0,2,24
11/12/2024,Main Bazar,1,6,87
12/12/2024,Time Bazar,9,0,84
12/12/2024,Milan Day,1,2,79
12/12/2024,Rajdhani Day,7,4,82
12/12/2024,Kalyan,0,0,20
12/12/2024,Milan Night,9,7,49
12/12/2024,Rajdhani Night,0,1,8
12/12/2024,Main Bazar,2,2,49
13/12/2024,Time Bazar,7,3,80
13/12/2024,Milan Day,8,0,53
13/12/2024,Rajdhani Day,3,2,3
13/12/2024,Kalyan,0,1,69
13/12/2024,Milan Night,2,1,84
13/12/2024,Rajdhani Night,4,3,38
13/12/2024,Main Bazar,2,9,24
14/12/2024,Time Bazar,8,5,92
14/12/2024,Milan Day,6,2,37
14/12/2024,Rajdhani Day,6,6,27
14/12/2024,Kalyan,5,7,36
14/12/2024,Milan Night,2,4,32
14/12/2024,Rajdhani Night,6,9,17
14/12/2024,Main Bazar,9,9,66
15/12/2024,Time Bazar,4,8,7
15/12/2024,Milan Day,9,6,15
15/12/2024,Rajdhani Day,1,8,83
15/12/2024,Kalyan,8,2,12
15/12/2024,Milan Night,2,0,58
15/12/2024,Rajdhani Night,6,7,55
15/12/2024,Main Bazar,4,8,28
16/12/2024,Time Bazar,4,2,78
16/12/2024,Milan Day,8,6,65
16/12/2024,Rajdhani Day,1,8,32
16/12/2024,Kalyan,3,8,80
16/12/2024,Milan Night,9,4,37
16/12/2024,Rajdhani Night,3,2,52
16/12/2024,Main Bazar,4,8,68
17/12/2024,Time Bazar,3,8,20
17/12/2024,Milan Day,9,8,22
17/12/2024,Rajdhani Day,2,5,11
17/12/2024,Kalyan,5,8,31
17/12/2024,Milan Night,6,6,11
17/12/2024,Rajdhani Night,4,3,55
17/12/2024,Main Bazar,8,8,40
18/12/2024,Time Bazar,7,1,62
18/12/2024,Milan Day,4,2,64
18/12/2024,Rajdhani Day,5,6,57
18/12/2024,Kalyan,0,3,64
18/12/2024,Milan Night,8,8,76
18/12/2024,Rajdhani Night,1,6,93
18/12/2024,Main Bazar,8,2,92
19/12/2024,Time Bazar,6,4,9
19/12/2024,Milan Day,9,1,58
19/12/2024,Rajdhani Day,3,7,66
19/12/2024,Kalyan,1,8,86
19/12/2024,Milan Night,5,8,50
19/12/2024,Rajdhani Night,2,1,28
19/12/2024,Main Bazar,9,4,70
20/12/2024,Time Bazar,8,8,93
20/12/2024,Milan Day,7,8,96
20/12/2024,Rajdhani Day,3,8,70
20/12/2024,Kalyan,5,8,94
20/12/2024,Milan Night,1,4,54
20/12/2024,Rajdhani Night,0,6,42
20/12/2024,Main Bazar,8,3,72
21/12/2024,Time Bazar,4,5,13
21/12/2024,Milan Day,5,5,17
21/12/2024,Rajdhani Day,4,3,34
21/12/2024,Kalyan,5,8,23
21/12/2024,Milan Night,0,4,98
21/12/2024,Rajdhani Night,0,9,80
21/12/2024,Main Bazar,2,1,67
22/12/2024,Time Bazar,7,6,77
22/12/2024,Milan Day,8,9,70
22/12/2024,Rajdhani Day,1,4,3
22/12/2024,Kalyan,3,3,95
22/12/2024,Milan Night,5,4,63
22/12/2024,Rajdhani Night,9,2,19
22/12/2024,Main Bazar,4,0,68
23/12/2024,Time Bazar,1,2,14
23/12/2024,Milan Day,9,1,46
23/12/2024,Rajdhani Day,6,0,91
23/12/2024,Kalyan,2,8,70
23/12/2024,Milan Night,4,3,54
23/12/2024,Rajdhani Night,7,4,7
23/12/2024,Main Bazar,3,8,95
24/12/2024,Time Bazar,9,2,33
24/12/2024,Milan Day,4,9,71
24/12/2024,Rajdhani Day,8,1,60
24/12/2024,Kalyan,0,0,97
24/12/2024,Milan Night,3,4,48
24/12/2024,Rajdhani Night,3,6,11
24/12/2024,Main Bazar,6,4,89
25/12/2024,Time Bazar,3,3,93
25/12/2024,Milan Day,6,6,46
25/12/2024,Rajdhani Day,9,7,80
25/12/2024,Kalyan,7,1,57
25/12/2024,Milan Night,7,7,1
25/12/2024,Rajdhani Night,9,4,11
25/12/2024,Main Bazar,8,6,67
26/12/2024,Time Bazar,6,9,12
26/12/2024,Milan Day,6,5,10
26/12/2024,Rajdhani Day,1,2,2
26/12/2024,Kalyan,0,0,40
26/12/2024,Milan Night,6,6,9
26/12/2024,Rajdhani Night,8,8,10
26/12/2024,Main Bazar,1,9,40
27/12/2024,Time Bazar,7,0,49
27/12/2024,Milan Day,6,0,23
27/12/2024,Rajdhani Day,4,0,88
27/12/2024,Kalyan,8,1,5
27/12/2024,Milan Night,1,4,81
27/12/2024,Rajdhani Night,1,7,94
27/12/2024,Main Bazar,0,0,18
28/12/2024,Time Bazar,5,3,26
28/12/2024,Milan Day,2,7,85
28/12/2024,Rajdhani Day,2,3,96
28/12/2024,Kalyan,3,5,86
28/12/2024,Milan Night,9,9,79
28/12/2024,Rajdhani Night,4,0,10
28/12/2024,Main Bazar,7,1,83
29/12/2024,Time Bazar,3,3,24
29/12/2024,Milan Day,3,4,37
29/12/2024,Rajdhani Day,2,1,62
29/12/2024,Kalyan,1,7,27
29/12/2024,Milan Night,4,0,3
29/12/2024,Rajdhani Night,7,9,34
29/12/2024,Main Bazar,2,9,87
30/12/2024,Time Bazar,2,2,56
30/12/2024,Milan Day,4,0,58
30/12/2024,Rajdhani Day,0,5,39
30/12/2024,Kalyan,9,3,89
30/12/2024,Milan Night,2,6,68
30/12/2024,Rajdhani Night,8,7,80
30/12/2024,Main Bazar,7,2,36
31/12/2024,Time Bazar,9,9,24
31/12/2024,Milan Day,1,3,13
31/12/2024,Rajdhani Day,2,8,79
31/12/2024,Kalyan,8,1,80
31/12/2024,Milan Night,8,4,88
31/12/2024,Rajdhani Night,3,7,55
31/12/2024,Main Bazar,8,1,22
01/01/2025,Time Bazar,6,4,7
01/01/2025,Milan Day,4,3,31
01/01/2025,Rajdhani Day,0,5,28
01/01/2025,Kalyan,3,1,33
01/01/2025,Milan Night,0,7,33
01/01/2025,Rajdhani Night,6,1,55
01/01/2025,Main Bazar,6,1,61
02/01/2025,Time Bazar,1,0,88
02/01/2025,Milan Day,4,6,96
02/01/2025,Rajdhani Day,2,1,37
02/01/2025,Kalyan,0,7,19
02/01/2025,Milan Night,7,1,62
02/01/2025,Rajdhani Night,5,6,54
02/01/2025,Main Bazar,8,8,26
03/01/2025,Time Bazar,1,0,93
03/01/2025,Milan Day,2,3,29
03/01/2025,Rajdhani Day,8,3,36
03/01/2025,Kalyan,3,8,88
03/01/2025,Milan Night,5,9,82
03/01/2025,Rajdhani Night,1,9,16
03/01/2025,Main Bazar,9,4,31
04/01/2025,Time Bazar,3,9,55
04/01/2025,Milan Day,7,5,46
04/01/2025,Rajdhani Day,2,3,58
04/01/2025,Kalyan,5,3,74
04/01/2025,Milan Night,4,7,83
04/01/2025,Rajdhani Night,7,7,23
04/01/2025,Main Bazar,1,4,55
05/01/2025,Time Bazar,1,3,19
05/01/2025,Milan Day,4,9,18
05/01/2025,Rajdhani Day,9,0,58
05/01/2025,Kalyan,2,9,81
05/01/2025,Milan Night,1,9,12
05/01/2025,Rajdhani Night,3,2,55
05/01/2025,Main Bazar,4,1,93
06/01/2025,Time Bazar,6,7,81
06/01/2025,Milan Day,8,6,60
06/01/2025,Rajdhani Day,9,9,72
06/01/2025,Kalyan,3,9,31
06/01/2025,Milan Night,2,4,24
06/01/2025,Rajdhani Night,7,7,92
06/01/2025,Main Bazar,4,0,62
07/01/2025,Time Bazar,6,7,96
07/01/2025,Milan Day,4,8,5
07/01/2025,Rajdhani Day,5,6,61
07/01/2025,Kalyan,9,4,51
07/01/2025,Milan Night,8,5,47
07/01/2025,Rajdhani Night,7,0,65
07/01/2025,Main Bazar,2,0,10
08/01/2025,Time Bazar,2,5,15
08/01/2025,Milan Day,9,7,22
08/01/2025,Rajdhani Day,0,2,68
08/01/2025,Kalyan,7,2,40
08/01/2025,Milan Night,0,8,96
08/01/2025,Rajdhani Night,3,3,24
08/01/2025,Main Bazar,7,2,53
09/01/2025,Time Bazar,2,0,76
09/01/2025,Milan Day,6,7,98
09/01/2025,Rajdhani Day,9,2,13
09/01/2025,Kalyan,3,7,76
09/01/2025,Milan Night,4,0,50
09/01/2025,Rajdhani Night,1,5,5
09/01/2025,Main Bazar,8,5,8
10/01/2025,Time Bazar,6,4,65
10/01/2025,Milan Day,7,7,75
10/01/2025,Rajdhani Day,1,0,51
10/01/2025,Kalyan,6,9,16
10/01/2025,Milan Night,0,5,73
10/01/2025,Rajdhani Night,1,8,51
10/01/2025,Main Bazar,4,6,20
11/01/2025,Time Bazar,9,4,46
11/01/2025,Milan Day,5,0,6
11/01/2025,Rajdhani Day,1,8,83
11/01/2025,Kalyan,2,7,32
11/01/2025,Milan Night,2,2,4
11/01/2025,Rajdhani Night,1,6,31
11/01/2025,Main Bazar,7,7,4
12/01/2025,Time Bazar,9,1,81
12/01/2025,Milan Day,6,1,10
12/01/2025,Rajdhani Day,0,8,12
12/01/2025,Kalyan,8,5,58
12/01/2025,Milan Night,6,2,83
12/01/2025,Rajdhani Night,9,2,82
12/01/2025,Main Bazar,0,9,22
13/01/2025,Time Bazar,4,8,62
13/01/2025,Milan Day,2,3,63
13/01/2025,Rajdhani Day,8,2,69
13/01/2025,Kalyan,8,4,31
13/01/2025,Milan Night,4,2,29
13/01/2025,Rajdhani Night,6,5,28
13/01/2025,Main Bazar,6,7,36
14/01/2025,Time Bazar,8,7,64
14/01/2025,Milan Day,7,7,38
14/01/2025,Rajdhani Day,0,8,4
14/01/2025,Kalyan,5,9,43
14/01/2025,Milan Night,4,6,16
14/01/2025,Rajdhani Night,8,6,37
14/01/2025,Main Bazar,9,7,85
15/01/2025,Time Bazar,0,8,80
15/01/2025,Milan Day,8,0,15
15/01/2025,Rajdhani Day,6,6,57
15/01/2025,Kalyan,7,0,83
15/01/2025,Milan Night,3,8,91
15/01/2025,Rajdhani Night,5,1,82
15/01/2025,Main Bazar,5,2,42
16/01/2025,Time Bazar,7,3,27
16/01/2025,Milan Day,6,0,22
16/01/2025,Rajdhani Day,3,0,98
16/01/2025,Kalyan,1,6,17
16/01/2025,Milan Night,2,5,74
16/01/2025,Rajdhani Night,6,8,49
16/01/2025,Main Bazar,6,7,93
17/01/2025,Time Bazar,7,7,6
17/01/2025,Milan Day,5,8,97
17/01/2025,Rajdhani Day,3,1,26
17/01/2025,Kalyan,8,2,69
17/01/2025,Milan Night,0,2,15
17/01/2025,Rajdhani Night,8,2,78
17/01/2025,Main Bazar,7,8,82
18/01/2025,Time Bazar,8,0,39
18/01/2025,Milan Day,0,1,39
18/01/2025,Rajdhani Day,7,9,53
18/01/2025,Kalyan,3,5,4
18/01/2025,Milan Night,3,7,98
18/01/2025,Rajdhani Night,9,1,17
18/01/2025,Main Bazar,5,7,2
19/01/2025,Time Bazar,6,6,48
19/01/2025,Milan Day,1,0,26
19/01/2025,Rajdhani Day,7,7,15
19/01/2025,Kalyan,4,1,90
19/01/2025,Milan Night,3,5,88
19/01/2025,Rajdhani Night,2,8,57
19/01/2025,Main Bazar,7,2,28
20/01/2025,Time Bazar,9,2,36
20/01/2025,Milan Day,8,2,1
20/01/2025,Rajdhani Day,9,3,60
20/01/2025,Kalyan,3,1,66
20/01/2025,Milan Night,6,5,42
20/01/2025,Rajdhani Night,7,6,14
20/01/2025,Main Bazar,1,2,69
21/01/2025,Time Bazar,1,0,54
21/01/2025,Milan Day,6,3,16
21/01/2025,Rajdhani Day,1,2,43
21/01/2025,Kalyan,9,3,18
21/01/2025,Milan Night,1,8,84
21/01/2025,Rajdhani Night,7,4,85
21/01/2025,Main Bazar,7,9,64
22/01/2025,Time Bazar,4,6,52
22/01/2025,Milan Day,8,9,56
22/01/2025,Rajdhani Day,6,1,11
22/01/2025,Kalyan,9,9,64
22/01/2025,Milan Night,9,1,3
22/01/2025,Rajdhani Night,1,0,93
22/01/2025,Main Bazar,7,0,65
23/01/2025,Time Bazar,0,2,86
23/01/2025,Milan Day,2,4,89
23/01/2025,Rajdhani Day,8,2,45
23/01/2025,Kalyan,0,6,85
23/01/2025,Milan Night,5,7,10
23/01/2025,Rajdhani Night,4,7,46
23/01/2025,Main Bazar,5,1,52
24/01/2025,Time Bazar,0,1,76
24/01/2025,Milan Day,3,7,35
24/01/2025,Rajdhani Day,9,9,55
24/01/2025,Kalyan,4,4,72
24/01/2025,Milan Night,2,9,43
24/01/2025,Rajdhani Night,7,7,58
24/01/2025,Main Bazar,7,9,32
25/01/2025,Time Bazar,2,6,70
25/01/2025,Milan Day,1,2,99
25/01/2025,Rajdhani Day,0,1,84
25/01/2025,Kalyan,4,6,87
25/01/2025,Milan Night,5,0,92
25/01/2025,Rajdhani Night,3,7,68
25/01/2025,Main Bazar,7,4,37
26/01/2025,Time Bazar,8,9,29
26/01/2025,Milan Day,8,3,97
26/01/2025,Rajdhani Day,5,5,0
26/01/2025,Kalyan,3,2,81
26/01/2025,Milan Night,7,9,99
26/01/2025,Rajdhani Night,6,7,62
26/01/2025,Main Bazar,2,2,60
27/01/2025,Time Bazar,7,6,67
27/01/2025,Milan Day,0,1,23
27/01/2025,Rajdhani Day,2,4,16
27/01/2025,Kalyan,6,6,70
27/01/2025,Milan Night,6,1,89
27/01/2025,Rajdhani Night,7,6,0
27/01/2025,Main Bazar,0,2,68
28/01/2025,Time Bazar,8,4,35
28/01/2025,Milan Day,8,6,90
28/01/2025,Rajdhani Day,2,7,49
28/01/2025,Kalyan,0,7,35
28/01/2025,Milan Night,7,0,6
28/01/2025,Rajdhani Night,8,4,80
28/01/2025,Main Bazar,9,7,72
29/01/2025,Time Bazar,2,2,92
29/01/2025,Milan Day,3,8,61
29/01/2025,Rajdhani Day,0,9,90
29/01/2025,Kalyan,2,7,31
29/01/2025,Milan Night,3,4,61
29/01/2025,Rajdhani Night,6,2,80
29/01/2025,Main Bazar,7,3,30
30/01/2025,Time Bazar,8,5,44
30/01/2025,Milan Day,3,5,82
30/01/2025,Rajdhani Day,4,0,9
30/01/2025,Kalyan,8,2,18
30/01/2025,Milan Night,7,2,98
30/01/2025,Rajdhani Night,9,4,25
30/01/2025,Main Bazar,7,4,43
31/01/2025,Time Bazar,8,8,10
31/01/2025,Milan Day,6,8,8
31/01/2025,Rajdhani Day,7,1,24
31/01/2025,Kalyan,3,0,38
31/01/2025,Milan Night,6,1,94
31/01/2025,Rajdhani Night,8,4,33
31/01/2025,Main Bazar,8,4,44
01/02/2025,Time Bazar,4,3,91
01/02/2025,Milan Day,2,8,5
01/02/2025,Rajdhani Day,2,0,42
01/02/2025,Kalyan,9,5,28
01/02/2025,Milan Night,4,9,85
01/02/2025,Rajdhani Night,9,1,59
01/02/2025,Main Bazar,9,4,43
02/02/2025,Time Bazar,7,4,83
02/02/2025,Milan Day,2,9,19
02/02/2025,Rajdhani Day,8,1,60
02/02/2025,Kalyan,6,1,40
02/02/2025,Milan Night,7,5,95
02/02/2025,Rajdhani Night,4,2,33
02/02/2025,Main Bazar,3,9,39
03/02/2025,Time Bazar,5,0,70
03/02/2025,Milan Day,7,6,87
03/02/2025,Rajdhani Day,3,0,59
03/02/2025,Kalyan,4,7,0
03/02/2025,Milan Night,0,7,28
03/02/2025,Rajdhani Night,6,4,61
03/02/2025,Main Bazar,4,0,56
04/02/2025,Time Bazar,2,3,17
04/02/2025,Milan Day,2,3,31
04/02/2025,Rajdhani Day,1,4,48
04/02/2025,Kalyan,5,1,79
04/02/2025,Milan Night,8,0,83
04/02/2025,Rajdhani Night,3,8,71
04/02/2025,Main Bazar,1,4,61
05/02/2025,Time Bazar,0,4,66
05/02/2025,Milan Day,4,9,35
05/02/2025,Rajdhani Day,2,3,93
05/02/2025,Kalyan,7,1,84
05/02/2025,Milan Night,2,3,75
05/02/2025,Rajdhani Night,3,4,66
05/02/2025,Main Bazar,5,0,0
06/02/2025,Time Bazar,3,4,94
06/02/2025,Milan Day,1,1,85
06/02/2025,Rajdhani Day,5,6,42
06/02/2025,Kalyan,9,2,3
06/02/2025,Milan Night,9,5,38
06/02/2025,Rajdhani Night,4,6,15
06/02/2025,Main Bazar,1,6,77
07/02/2025,Time Bazar,7,2,28
07/02/2025,Milan Day,9,9,44
07/02/2025,Rajdhani Day,8,9,48
07/02/2025,Kalyan,9,7,9
07/02/2025,Milan Night,9,4,75
07/02/2025,Rajdhani Night,6,4,20
07/02/2025,Main Bazar,6,8,94
08/02/2025,Time Bazar,8,7,49
08/02/2025,Milan Day,3,8,83
08/02/2025,Rajdhani Day,8,5,57
08/02/2025,Kalyan,2,5,97
08/02/2025,Milan Night,0,5,62
08/02/2025,Rajdhani Night,4,8,49
08/02/2025,Main Bazar,5,6,62
09/02/2025,Time Bazar,0,6,7
09/02/2025,Milan Day,4,4,62
09/02/2025,Rajdhani Day,7,1,53
09/02/2025,Kalyan,4,8,94
09/02/2025,Milan Night,7,8,75
09/02/2025,Rajdhani Night,5,8,72
09/02/2025,Main Bazar,4,5,74
10/02/2025,Time Bazar,6,7,75
10/02/2025,Milan Day,1,3,57
10/02/2025,Rajdhani Day,2,4,20
10/02/2025,Kalyan,0,0,97
10/02/2025,Milan Night,6,2,59
10/02/2025,Rajdhani Night,0,5,4
10/02/2025,Main Bazar,4,1,43
11/02/2025,Time Bazar,9,3,67
11/02/2025,Milan Day,6,1,51
11/02/2025,Rajdhani Day,1,3,2
11/02/2025,Kalyan,0,4,91
11/02/2025,Milan Night,5,5,33
11/02/2025,Rajdhani Night,9,2,86
11/02/2025,Main Bazar,1,1,49
12/02/2025,Time Bazar,8,6,84
12/02/2025,Milan Day,8,7,24
12/02/2025,Rajdhani Day,4,0,57
12/02/2025,Kalyan,5,4,58
12/02/2025,Milan Night,9,4,60
12/02/2025,Rajdhani Night,7,3,23
12/02/2025,Main Bazar,3,6,55
13/02/2025,Time Bazar,1,6,68
13/02/2025,Milan Day,4,4,95
13/02/2025,Rajdhani Day,3,7,2
13/02/2025,Kalyan,5,7,27
13/02/2025,Milan Night,2,2,55
13/02/2025,Rajdhani Night,6,5,29
13/02/2025,Main Bazar,9,8,23
14/02/2025,Time Bazar,8,8,80
14/02/2025,Milan Day,3,6,90
14/02/2025,Rajdhani Day,7,3,98
14/02/2025,Kalyan,6,5,88
14/02/2025,Milan Night,9,4,73
14/02/2025,Rajdhani Night,2,4,37
14/02/2025,Main Bazar,7,2,37
15/02/2025,Time Bazar,5,0,73
15/02/2025,Milan Day,1,8,25
15/02/2025,Rajdhani Day,5,3,76
15/02/2025,Kalyan,5,4,3
15/02/2025,Milan Night,0,9,58
15/02/2025,Rajdhani Night,1,8,44
15/02/2025,Main Bazar,3,4,88
16/02/2025,Time Bazar,1,5,14
16/02/2025,Milan Day,9,6,51
16/02/2025,Rajdhani Day,6,6,20
16/02/2025,Kalyan,7,7,26
16/02/2025,Milan Night,9,5,13
16/02/2025,Rajdhani Night,7,3,82
16/02/2025,Main Bazar,3,9,2
17/02/2025,Time Bazar,5,5,76
17/02/2025,Milan Day,2,2,65
17/02/2025,Rajdhani Day,3,9,12
17/02/2025,Kalyan,2,5,88
17/02/2025,Milan Night,9,1,51
17/02/2025,Rajdhani Night,1,8,13
17/02/2025,Main Bazar,4,7,26
18/02/2025,Time Bazar,1,4,12
18/02/2025,Milan Day,7,8,72
18/02/2025,Rajdhani Day,2,8,73
18/02/2025,Kalyan,0,9,54
18/02/2025,Milan Night,2,0,3
18/02/2025,Rajdhani Night,0,4,11
18/02/2025,Main Bazar,8,1,36
19/02/2025,Time Bazar,3,1,78
19/02/2025,Milan Day,7,6,23
19/02/2025,Rajdhani Day,1,1,94
19/02/2025,Kalyan,0,9,5
19/02/2025,Milan Night,1,0,61
19/02/2025,Rajdhani Night,8,9,71
19/02/2025,Main Bazar,8,6,31
20/02/2025,Time Bazar,1,8,96
20/02/2025,Milan Day,4,9,6
20/02/2025,Rajdhani Day,0,2,11
20/02/2025,Kalyan,1,8,60
20/02/2025,Milan Night,4,1,96
20/02/2025,Rajdhani Night,7,9,84
20/02/2025,Main Bazar,5,8,96
21/02/2025,Time Bazar,3,6,19
21/02/2025,Milan Day,0,2,44
21/02/2025,Rajdhani Day,3,7,65
21/02/2025,Kalyan,5,5,36
21/02/2025,Milan Night,0,1,36
21/02/2025,Rajdhani Night,3,1,12
21/02/2025,Main Bazar,9,1,39
22/02/2025,Time Bazar,0,5,48
22/02/2025,Milan Day,0,6,94
22/02/2025,Rajdhani Day,9,0,46
22/02/2025,Kalyan,6,3,76
22/02/2025,Milan Night,7,3,44
22/02/2025,Rajdhani Night,4,1,3
22/02/2025,Main Bazar,7,3,48
23/02/2025,Time Bazar,0,6,22
23/02/2025,Milan Day,7,7,3
23/02/2025,Rajdhani Day,4,8,68
23/02/2025,Kalyan,8,9,3
23/02/2025,Milan Night,1,3,32
23/02/2025,Rajdhani Night,9,5,35
23/02/2025,Main Bazar,1,3,83
24/02/2025,Time Bazar,0,1,59
24/02/2025,Milan Day,9,2,7
24/02/2025,Rajdhani Day,3,9,55
24/02/2025,Kalyan,5,7,26
24/02/2025,Milan Night,6,9,45
24/02/2025,Rajdhani Night,8,1,1
24/02/2025,Main Bazar,8,6,70
25/02/2025,Time Bazar,0,6,44
25/02/2025,Milan Day,2,3,40
25/02/2025,Rajdhani Day,1,7,9
25/02/2025,Kalyan,5,6,72
25/02/2025,Milan Night,3,3,99
25/02/2025,Rajdhani Night,6,0,95
25/02/2025,Main Bazar,3,0,7
26/02/2025,Time Bazar,6,1,61
26/02/2025,Milan Day,7,6,40
26/02/2025,Rajdhani Day,6,0,10
26/02/2025,Kalyan,6,2,36
26/02/2025,Milan Night,2,7,44
26/02/2025,Rajdhani Night,1,8,76
26/02/2025,Main Bazar,9,3,57
27/02/2025,Time Bazar,6,7,39
27/02/2025,Milan Day,0,5,81
27/02/2025,Rajdhani Day,5,7,59
27/02/2025,Kalyan,6,7,65
27/02/2025,Milan Night,6,7,24
27/02/2025,Rajdhani Night,8,9,47
27/02/2025,Main Bazar,0,5,13
28/02/2025,Time Bazar,7,0,11
28/02/2025,Milan Day,2,9,93
28/02/2025,Rajdhani Day,2,1,60
28/02/2025,Kalyan,7,8,37
28/02/2025,Milan Night,9,6,86
28/02/2025,Rajdhani Night,0,3,58
28/02/2025,Main Bazar,3,1,52
01/03/2025,Time Bazar,2,2,51
01/03/2025,Milan Day,2,6,32
01/03/2025,Rajdhani Day,7,0,56
01/03/2025,Kalyan,0,2,88
01/03/2025,Milan Night,9,2,87
01/03/2025,Rajdhani Night,1,6,67
01/03/2025,Main Bazar,3,9,62
02/03/2025,Time Bazar,5,1,77
02/03/2025,Milan Day,3,4,42
02/03/2025,Rajdhani Day,3,8,12
02/03/2025,Kalyan,1,5,82
02/03/2025,Milan Night,8,0,14
02/03/2025,Rajdhani Night,2,4,65
02/03/2025,Main Bazar,2,7,99
03/03/2025,Time Bazar,9,3,99
03/03/2025,Milan Day,8,4,64
03/03/2025,Rajdhani Day,6,9,5
03/03/2025,Kalyan,3,2,39
03/03/2025,Milan Night,0,7,41
03/03/2025,Rajdhani Night,3,4,50
03/03/2025,Main Bazar,4,9,1
04/03/2025,Time Bazar,5,4,59
04/03/2025,Milan Day,8,3,6
04/03/2025,Rajdhani Day,3,9,46
04/03/2025,Kalyan,5,6,68
04/03/2025,Milan Night,8,9,62
04/03/2025,Rajdhani Night,6,4,89
04/03/2025,Main Bazar,9,1,9
05/03/2025,Time Bazar,2,3,26
05/03/2025,Milan Day,0,9,48
05/03/2025,Rajdhani Day,3,4,43
05/03/2025,Kalyan,0,8,24
05/03/2025,Milan Night,3,7,10
05/03/2025,Rajdhani Night,8,7,9
05/03/2025,Main Bazar,9,0,54
06/03/2025,Time Bazar,7,2,77
06/03/2025,Milan Day,1,4,24
06/03/2025,Rajdhani Day,9,9,58
06/03/2025,Kalyan,5,3,90
06/03/2025,Milan Night,6,3,48
06/03/2025,Rajdhani Night,9,2,93
06/03/2025,Main Bazar,6,5,46
07/03/2025,Time Bazar,4,4,54
07/03/2025,Milan Day,1,2,88
07/03/2025,Rajdhani Day,9,1,94
07/03/2025,Kalyan,7,7,56
07/03/2025,Milan Night,9,1,21
07/03/2025,Rajdhani Night,2,6,55
07/03/2025,Main Bazar,1,4,66
08/03/2025,Time Bazar,7,5,78
08/03/2025,Milan Day,8,9,59
08/03/2025,Rajdhani Day,9,7,72
08/03/2025,Kalyan,7,4,58
08/03/2025,Milan Night,9,2,76
08/03/2025,Rajdhani Night,8,7,11
08/03/2025,Main Bazar,1,6,38
09/03/2025,Time Bazar,9,7,39
09/03/2025,Milan Day,8,2,81
09/03/2025,Rajdhani Day,1,4,60
09/03/2025,Kalyan,6,1,69
09/03/2025,Milan Night,2,4,5
09/03/2025,Rajdhani Night,2,7,4
09/03/2025,Main Bazar,9,2,54
10/03/2025,Time Bazar,8,5,49
10/03/2025,Milan Day,8,3,49
10/03/2025,Rajdhani Day,5,7,72
10/03/2025,Kalyan,6,1,65
10/03/2025,Milan Night,4,5,46
10/03/2025,Rajdhani Night,0,6,19
10/03/2025,Main Bazar,6,7,83
11/03/2025,Time Bazar,5,6,63
11/03/2025,Milan Day,7,6,20
11/03/2025,Rajdhani Day,2,7,52
11/03/2025,Kalyan,1,4,4
11/03/2025,Milan Night,7,5,38
11/03/2025,Rajdhani Night,4,5,64
11/03/2025,Main Bazar,0,1,66
12/03/2025,Time Bazar,7,2,82
12/03/2025,Milan Day,5,7,7
12/03/2025,Rajdhani Day,0,6,30
12/03/2025,Kalyan,7,8,23
12/03/2025,Milan Night,1,3,1
12/03/2025,Rajdhani Night,1,2,65
12/03/2025,Main Bazar,4,6,74
13/03/2025,Time Bazar,1,3,99
13/03/2025,Milan Day,8,6,24
13/03/2025,Rajdhani Day,4,4,77
13/03/2025,Kalyan,4,4,58
13/03/2025,Milan Night,6,8,77
13/03/2025,Rajdhani Night,3,2,87
13/03/2025,Main Bazar,3,3,78
14/03/2025,Time Bazar,7,5,48
14/03/2025,Milan Day,6,2,49
14/03/2025,Rajdhani Day,3,2,80
14/03/2025,Kalyan,8,0,14
14/03/2025,Milan Night,9,7,30
14/03/2025,Rajdhani Night,7,8,17
14/03/2025,Main Bazar,4,1,20
15/03/2025,Time Bazar,2,1,3
15/03/2025,Milan Day,4,4,67
15/03/2025,Rajdhani Day,6,3,19
15/03/2025,Kalyan,0,6,52
15/03/2025,Milan Night,9,3,59
15/03/2025,Rajdhani Night,8,3,10
15/03/2025,Main Bazar,9,0,39
16/03/2025,Time Bazar,4,6,20
16/03/2025,Milan Day,8,4,1
16/03/2025,Rajdhani Day,6,9,28
16/03/2025,Kalyan,1,9,91
16/03/2025,Milan Night,0,9,88
16/03/2025,Rajdhani Night,6,6,95
16/03/2025,Main Bazar,5,1,98
17/03/2025,Time Bazar,8,2,14
17/03/2025,Milan Day,7,2,92
17/03/2025,Rajdhani Day,0,4,59
17/03/2025,Kalyan,9,8,89
17/03/2025,Milan Night,6,0,69
17/03/2025,Rajdhani Night,5,1,80
17/03/2025,Main Bazar,1,7,65
18/03/2025,Time Bazar,9,7,92
18/03/2025,Milan Day,9,7,21
18/03/2025,Rajdhani Day,0,3,83
18/03/2025,Kalyan,2,4,25
18/03/2025,Milan Night,2,8,23
18/03/2025,Rajdhani Night,0,5,8
18/03/2025,Main Bazar,1,8,35
19/03/2025,Time Bazar,2,8,85
19/03/2025,Milan Day,9,5,3
19/03/2025,Rajdhani Day,2,3,19
19/03/2025,Kalyan,3,1,47
19/03/2025,Milan Night,3,1,42
19/03/2025,Rajdhani Night,6,9,15
19/03/2025,Main Bazar,5,7,84
20/03/2025,Time Bazar,7,5,42
20/03/2025,Milan Day,3,1,91
20/03/2025,Rajdhani Day,7,9,46
20/03/2025,Kalyan,9,7,79
20/03/2025,Milan Night,0,7,98
20/03/2025,Rajdhani Night,3,7,76
20/03/2025,Main Bazar,8,8,95
21/03/2025,Time Bazar,3,5,39
21/03/2025,Milan Day,2,5,85
21/03/2025,Rajdhani Day,1,0,75
21/03/2025,Kalyan,0,6,26
21/03/2025,Milan Night,2,9,27
21/03/2025,Rajdhani Night,0,2,18
21/03/2025,Main Bazar,1,8,39
22/03/2025,Time Bazar,1,5,93
22/03/2025,Milan Day,0,8,43
22/03/2025,Rajdhani Day,6,5,13
22/03/2025,Kalyan,2,4,86
22/03/2025,Milan Night,0,5,82
22/03/2025,Rajdhani Night,7,5,71
22/03/2025,Main Bazar,1,0,1
23/03/2025,Time Bazar,3,8,22
23/03/2025,Milan Day,0,2,27
23/03/2025,Rajdhani Day,1,0,90
23/03/2025,Kalyan,0,5,14
23/03/2025,Milan Night,4,7,0
23/03/2025,Rajdhani Night,9,0,15
23/03/2025,Main Bazar,1,7,22
24/03/2025,Time Bazar,0,7,64
24/03/2025,Milan Day,6,2,22
24/03/2025,Rajdhani Day,0,9,34
24/03/2025,Kalyan,1,5,20
24/03/2025,Milan Night,4,5,95
24/03/2025,Rajdhani Night,9,3,89
24/03/2025,Main Bazar,9,4,93
25/03/2025,Time Bazar,6,2,47
25/03/2025,Milan Day,8,4,66
25/03/2025,Rajdhani Day,1,9,54
25/03/2025,Kalyan,8,6,16
25/03/2025,Milan Night,3,2,20
25/03/2025,Rajdhani Night,6,8,60
25/03/2025,Main Bazar,3,2,26
26/03/2025,Time Bazar,2,8,8
26/03/2025,Milan Day,4,3,10
26/03/2025,Rajdhani Day,5,4,47
26/03/2025,Kalyan,4,4,9
26/03/2025,Milan Night,7,7,66
26/03/2025,Rajdhani Night,6,8,47
26/03/2025,Main Bazar,1,1,7
27/03/2025,Time Bazar,5,3,67
27/03/2025,Milan Day,9,5,56
27/03/2025,Rajdhani Day,4,9,37
27/03/2025,Kalyan,7,8,64
27/03/2025,Milan Night,4,1,71
27/03/2025,Rajdhani Night,2,9,40
27/03/2025,Main Bazar,6,4,22
28/03/2025,Time Bazar,9,2,6
28/03/2025,Milan Day,9,7,47
28/03/2025,Rajdhani Day,8,8,60
28/03/2025,Kalyan,4,2,23
28/03/2025,Milan Night,7,4,46
28/03/2025,Rajdhani Night,7,9,22
28/03/2025,Main Bazar,2,5,51
29/03/2025,Time Bazar,9,2,9
29/03/2025,Milan Day,1,9,39
29/03/2025,Rajdhani Day,1,5,64
29/03/2025,Kalyan,6,6,18
29/03/2025,Milan Night,6,7,42
29/03/2025,Rajdhani Night,0,2,76
29/03/2025,Main Bazar,2,5,38
30/03/2025,Time Bazar,7,5,91
30/03/2025,Milan Day,4,9,24
30/03/2025,Rajdhani Day,7,3,26
30/03/2025,Kalyan,1,1,66
30/03/2025,Milan Night,5,1,88
30/03/2025,Rajdhani Night,3,8,86
30/03/2025,Main Bazar,6,2,17
31/03/2025,Time Bazar,5,1,63
31/03/2025,Milan Day,4,2,10
31/03/2025,Rajdhani Day,6,6,54
31/03/2025,Kalyan,5,8,79
31/03/2025,Milan Night,1,7,35
31/03/2025,Rajdhani Night,0,2,97
31/03/2025,Main Bazar,1,3,64
01/04/2025,Time Bazar,0,7,1
01/04/2025,Milan Day,0,9,19
01/04/2025,Rajdhani Day,3,7,13
01/04/2025,Kalyan,7,1,51
01/04/2025,Milan Night,1,0,14
01/04/2025,Rajdhani Night,8,9,55
01/04/2025,Main Bazar,0,5,4
02/04/2025,Time Bazar,0,8,83
02/04/2025,Milan Day,0,1,90
02/04/2025,Rajdhani Day,7,1,87
02/04/2025,Kalyan,4,0,67
02/04/2025,Milan Night,7,3,78
02/04/2025,Rajdhani Night,6,0,52
02/04/2025,Main Bazar,7,1,57
03/04/2025,Time Bazar,6,5,54
03/04/2025,Milan Day,8,0,51
03/04/2025,Rajdhani Day,7,1,53
03/04/2025,Kalyan,0,8,85
03/04/2025,Milan Night,5,2,48
03/04/2025,Rajdhani Night,0,0,26
03/04/2025,Main Bazar,6,9,35
04/04/2025,Time Bazar,5,1,90
04/04/2025,Milan Day,6,1,7
04/04/2025,Rajdhani Day,8,4,48
04/04/2025,Kalyan,7,0,15
04/04/2025,Milan Night,5,0,68
04/04/2025,Rajdhani Night,0,6,95
04/04/2025,Main Bazar,2,2,58
05/04/2025,Time Bazar,0,6,12
05/04/2025,Milan Day,6,6,40
05/04/2025,Rajdhani Day,3,4,12
05/04/2025,Kalyan,7,5,3
05/04/2025,Milan Night,4,0,79
05/04/2025,Rajdhani Night,2,0,28
05/04/2025,Main Bazar,8,8,49
06/04/2025,Time Bazar,0,2,95
06/04/2025,Milan Day,3,5,59
06/04/2025,Rajdhani Day,7,6,64
06/04/2025,Kalyan,0,9,70
06/04/2025,Milan Night,2,1,85
06/04/2025,Rajdhani Night,9,7,76
06/04/2025,Main Bazar,6,7,18
07/04/2025,Time Bazar,2,4,39
07/04/2025,Milan Day,0,8,48
07/04/2025,Rajdhani Day,0,5,57
07/04/2025,Kalyan,4,4,94
07/04/2025,Milan Night,9,1,30
07/04/2025,Rajdhani Night,2,3,5
07/04/2025,Main Bazar,1,4,63
08/04/2025,Time Bazar,2,2,82
08/04/2025,Milan Day,9,2,35
08/04/2025,Rajdhani Day,4,9,7
08/04/2025,Kalyan,7,5,34
08/04/2025,Milan Night,2,0,19
08/04/2025,Rajdhani Night,5,3,11
08/04/2025,Main Bazar,1,5,80
09/04/2025,Time Bazar,2,0,91
09/04/2025,Milan Day,3,7,89
09/04/2025,Rajdhani Day,9,0,74
09/04/2025,Kalyan,2,3,87
09/04/2025,Milan Night,1,1,25
09/04/2025,Rajdhani Night,2,5,97
09/04/2025,Main Bazar,0,6,35
10/04/2025,Time Bazar,9,8,68
10/04/2025,Milan Day,8,8,82
10/04/2025,Rajdhani Day,2,9,99
10/04/2025,Kalyan,5,8,80
10/04/2025,Milan Night,7,2,13
10/04/2025,Rajdhani Night,3,5,72
10/04/2025,Main Bazar,4,9,16
11/04/2025,Time Bazar,4,1,92
11/04/2025,Milan Day,5,1,58
11/04/2025,Rajdhani Day,6,4,58
11/04/2025,Kalyan,3,8,13
11/04/2025,Milan Night,4,9,1
11/04/2025,Rajdhani Night,3,9,89
11/04/2025,Main Bazar,5,9,76
12/04/2025,Time Bazar,6,5,12
12/04/2025,Milan Day,2,3,88
12/04/2025,Rajdhani Day,3,5,60
12/04/2025,Kalyan,0,9,56
12/04/2025,Milan Night,5,3,53
12/04/2025,Rajdhani Night,0,7,77
12/04/2025,Main Bazar,6,4,39
13/04/2025,Time Bazar,2,5,0
13/04/2025,Milan Day,6,2,93
13/04/2025,Rajdhani Day,6,5,93
13/04/2025,Kalyan,6,8,69
13/04/2025,Milan Night,4,3,1
13/04/2025,Rajdhani Night,5,0,79
13/04/2025,Main Bazar,5,7,1
14/04/2025,Time Bazar,5,5,65
14/04/2025,Milan Day,9,7,33
14/04/2025,Rajdhani Day,2,5,12
14/04/2025,Kalyan,3,1,22
14/04/2025,Milan Night,8,2,42
14/04/2025,Rajdhani Night,6,9,9
14/04/2025,Main Bazar,2,1,48
15/04/2025,Time Bazar,0,2,11
15/04/2025,Milan Day,8,1,9
15/04/2025,Rajdhani Day,5,1,51
15/04/2025,Kalyan,5,8,60
15/04/2025,Milan Night,4,1,61
15/04/2025,Rajdhani Night,9,5,47
15/04/2025,Main Bazar,5,0,64
16/04/2025,Time Bazar,8,5,42
16/04/2025,Milan Day,4,5,3
16/04/2025,Rajdhani Day,8,3,35
16/04/2025,Kalyan,8,0,8
16/04/2025,Milan Night,5,1,46
16/04/2025,Rajdhani Night,7,8,58
16/04/2025,Main Bazar,4,0,84
17/04/2025,Time Bazar,2,1,27
17/04/2025,Milan Day,4,6,46
17/04/2025,Rajdhani Day,4,7,3
17/04/2025,Kalyan,0,4,90
17/04/2025,Milan Night,8,0,95
17/04/2025,Rajdhani Night,3,6,1
17/04/2025,Main Bazar,5,3,85
18/04/2025,Time Bazar,0,3,8
18/04/2025,Milan Day,7,1,38
18/04/2025,Rajdhani Day,5,6,63
18/04/2025,Kalyan,7,6,45
18/04/2025,Milan Night,3,8,2
18/04/2025,Rajdhani Night,3,3,81
18/04/2025,Main Bazar,1,0,69
19/04/2025,Time Bazar,8,0,19
19/04/2025,Milan Day,9,8,0
19/04/2025,Rajdhani Day,3,4,12
19/04/2025,Kalyan,3,3,39
19/04/2025,Milan Night,8,3,55
19/04/2025,Rajdhani Night,0,2,37
19/04/2025,Main Bazar,4,6,62
20/04/2025,Time Bazar,7,0,13
20/04/2025,Milan Day,7,3,25
20/04/2025,Rajdhani Day,3,3,15
20/04/2025,Kalyan,2,8,65
20/04/2025,Milan Night,0,9,69
20/04/2025,Rajdhani Night,2,8,21
20/04/2025,Main Bazar,4,9,90
21/04/2025,Time Bazar,3,9,4
21/04/2025,Milan Day,2,3,87
21/04/2025,Rajdhani Day,2,8,10
21/04/2025,Kalyan,6,5,60
21/04/2025,Milan Night,8,9,20
21/04/2025,Rajdhani Night,7,3,61
21/04/2025,Main Bazar,6,7,17
22/04/2025,Time Bazar,8,0,72
22/04/2025,Milan Day,7,3,75
22/04/2025,Rajdhani Day,2,4,79
22/04/2025,Kalyan,2,9,29
22/04/2025,Milan Night,0,1,31
22/04/2025,Rajdhani Night,0,0,36
22/04/2025,Main Bazar,2,4,80
23/04/2025,Time Bazar,7,6,46
23/04/2025,Milan Day,0,6,61
23/04/2025,Rajdhani Day,5,2,32
23/04/2025,Kalyan,6,9,57
23/04/2025,Milan Night,5,6,18
23/04/2025,Rajdhani Night,8,6,48
23/04/2025,Main Bazar,2,4,54
24/04/2025,Time Bazar,6,0,27
24/04/2025,Milan Day,4,8,13
24/04/2025,Rajdhani Day,4,4,30
24/04/2025,Kalyan,8,5,43
24/04/2025,Milan Night,0,8,97
24/04/2025,Rajdhani Night,3,7,42
24/04/2025,Main Bazar,3,4,56
25/04/2025,Time Bazar,1,0,10
25/04/2025,Milan Day,3,0,76
25/04/2025,Rajdhani Day,0,4,5
25/04/2025,Kalyan,5,5,33
25/04/2025,Milan Night,8,3,81
25/04/2025,Rajdhani Night,6,4,3
25/04/2025,Main Bazar,2,6,79
26/04/2025,Time Bazar,4,9,38
26/04/2025,Milan Day,9,0,49
26/04/2025,Rajdhani Day,9,7,74
26/04/2025,Kalyan,5,4,47
26/04/2025,Milan Night,7,4,66
26/04/2025,Rajdhani Night,4,6,37
26/04/2025,Main Bazar,2,7,35
27/04/2025,Time Bazar,7,7,85
27/04/2025,Milan Day,5,1,20
27/04/2025,Rajdhani Day,2,6,17
27/04/2025,Kalyan,2,2,75
27/04/2025,Milan Night,4,5,84
27/04/2025,Rajdhani Night,8,3,18
27/04/2025,Main Bazar,3,4,16
28/04/2025,Time Bazar,9,2,15
28/04/2025,Milan Day,2,6,19
28/04/2025,Rajdhani Day,5,7,64
28/04/2025,Kalyan,6,1,13
28/04/2025,Milan Night,8,0,34
28/04/2025,Rajdhani Night,2,3,93
28/04/2025,Main Bazar,3,8,67
29/04/2025,Time Bazar,9,5,45
29/04/2025,Milan Day,0,5,22
29/04/2025,Rajdhani Day,0,0,62
29/04/2025,Kalyan,4,1,24
29/04/2025,Milan Night,2,3,28
29/04/2025,Rajdhani Night,4,3,17
29/04/2025,Main Bazar,5,5,46
30/04/2025,Time Bazar,4,7,43
30/04/2025,Milan Day,7,5,88
30/04/2025,Rajdhani Day,0,2,36
30/04/2025,Kalyan,0,5,90
30/04/2025,Milan Night,6,4,37
30/04/2025,Rajdhani Night,8,3,91
30/04/2025,Main Bazar,0,9,92
01/05/2025,Time Bazar,2,4,44
01/05/2025,Milan Day,5,4,45
01/05/2025,Rajdhani Day,5,3,81
01/05/2025,Kalyan,2,8,56
01/05/2025,Milan Night,8,9,47
01/05/2025,Rajdhani Night,6,1,31
01/05/2025,Main Bazar,5,3,52
02/05/2025,Time Bazar,5,9,11
02/05/2025,Milan Day,3,5,81
02/05/2025,Rajdhani Day,2,8,96
02/05/2025,Kalyan,2,8,66
02/05/2025,Milan Night,5,6,46
02/05/2025,Rajdhani Night,1,2,73
02/05/2025,Main Bazar,2,3,82
03/05/2025,Time Bazar,4,6,5
03/05/2025,Milan Day,5,5,30
03/05/2025,Rajdhani Day,4,2,36
03/05/2025,Kalyan,1,4,93
03/05/2025,Milan Night,5,1,39
03/05/2025,Rajdhani Night,6,7,3
03/05/2025,Main Bazar,0,1,34
04/05/2025,Time Bazar,2,6,60
04/05/2025,Milan Day,8,2,24
04/05/2025,Rajdhani Day,0,0,88
04/05/2025,Kalyan,6,6,67
04/05/2025,Milan Night,1,2,25
04/05/2025,Rajdhani Night,5,4,71
04/05/2025,Main Bazar,1,9,14
05/05/2025,Time Bazar,8,9,98
05/05/2025,Milan Day,4,9,38
05/05/2025,Rajdhani Day,0,5,52
05/05/2025,Kalyan,3,4,88
05/05/2025,Milan Night,7,7,53
05/05/2025,Rajdhani Night,3,4,21
05/05/2025,Main Bazar,2,3,74
06/05/2025,Time Bazar,2,1,50
06/05/2025,Milan Day,5,4,30
06/05/2025,Rajdhani Day,8,1,96
06/05/2025,Kalyan,3,2,88
06/05/2025,Milan Night,4,3,32
06/05/2025,Rajdhani Night,8,6,45
06/05/2025,Main Bazar,2,5,46
07/05/2025,Time Bazar,1,9,87
07/05/2025,Milan Day,2,1,96
07/05/2025,Rajdhani Day,1,0,77
07/05/2025,Kalyan,0,7,37
07/05/2025,Milan Night,9,5,74
07/05/2025,Rajdhani Night,1,9,61
07/05/2025,Main Bazar,8,0,66
08/05/2025,Time Bazar,5,4,22
08/05/2025,Milan Day,9,5,27
08/05/2025,Rajdhani Day,9,7,17
08/05/2025,Kalyan,9,0,15
08/05/2025,Milan Night,0,2,58
08/05/2025,Rajdhani Night,3,5,65
08/05/2025,Main Bazar,1,8,62
09/05/2025,Time Bazar,7,0,68
09/05/2025,Milan Day,7,5,11
09/05/2025,Rajdhani Day,4,4,51
09/05/2025,Kalyan,1,6,51
09/05/2025,Milan Night,5,6,49
09/05/2025,Rajdhani Night,9,5,9
09/05/2025,Main Bazar,3,8,93
10/05/2025,Time Bazar,6,9,35
10/05/2025,Milan Day,7,4,61
10/05/2025,Rajdhani Day,0,7,16
10/05/2025,Kalyan,3,3,52
10/05/2025,Milan Night,3,0,72
10/05/2025,Rajdhani Night,3,7,32
10/05/2025,Main Bazar,5,0,18
11/05/2025,Time Bazar,2,5,97
11/05/2025,Milan Day,5,3,96
11/05/2025,Rajdhani Day,5,7,18
11/05/2025,Kalyan,0,4,54
11/05/2025,Milan Night,4,4,1
11/05/2025,Rajdhani Night,6,3,70
11/05/2025,Main Bazar,0,1,21
12/05/2025,Time Bazar,8,3,80
12/05/2025,Milan Day,3,6,4
12/05/2025,Rajdhani Day,7,9,75
12/05/2025,Kalyan,2,6,34
12/05/2025,Milan Night,6,5,75
12/05/2025,Rajdhani Night,3,3,48
12/05/2025,Main Bazar,4,2,28
13/05/2025,Time Bazar,2,9,51
13/05/2025,Milan Day,2,6,96
13/05/2025,Rajdhani Day,9,2,94
13/05/2025,Kalyan,0,9,75
13/05/2025,Milan Night,3,8,88
13/05/2025,Rajdhani Night,0,9,22
13/05/2025,Main Bazar,2,9,33
14/05/2025,Time Bazar,3,0,39
14/05/2025,Milan Day,0,9,59
14/05/2025,Rajdhani Day,1,9,77
14/05/2025,Kalyan,2,4,4
14/05/2025,Milan Night,2,2,99
14/05/2025,Rajdhani Night,2,4,9
14/05/2025,Main Bazar,9,2,63
15/05/2025,Time Bazar,2,8,10
15/05/2025,Milan Day,6,0,92
15/05/2025,Rajdhani Day,9,0,12
15/05/2025,Kalyan,5,4,56
15/05/2025,Milan Night,8,3,2
15/05/2025,Rajdhani Night,7,7,41
15/05/2025,Main Bazar,7,7,37
16/05/2025,Time Bazar,7,9,0
16/05/2025,Milan Day,2,2,66
16/05/2025,Rajdhani Day,2,4,80
16/05/2025,Kalyan,0,5,41
16/05/2025,Milan Night,7,1,70
16/05/2025,Rajdhani Night,3,4,10
16/05/2025,Main Bazar,8,8,95
17/05/2025,Time Bazar,0,2,7
17/05/2025,Milan Day,8,9,30
17/05/2025,Rajdhani Day,5,4,5
17/05/2025,Kalyan,2,9,77
17/05/2025,Milan Night,6,3,57
17/05/2025,Rajdhani Night,0,8,43
17/05/2025,Main Bazar,1,7,98
18/05/2025,Time Bazar,2,0,43
18/05/2025,Milan Day,9,6,26
18/05/2025,Rajdhani Day,5,0,14
18/05/2025,Kalyan,5,1,12
18/05/2025,Milan Night,2,8,15
18/05/2025,Rajdhani Night,0,9,26
18/05/2025,Main Bazar,5,5,75
19/05/2025,Time Bazar,1,1,42
19/05/2025,Milan Day,4,4,40
19/05/2025,Rajdhani Day,4,3,6
19/05/2025,Kalyan,1,0,72
19/05/2025,Milan Night,8,2,84
19/05/2025,Rajdhani Night,8,7,23
19/05/2025,Main Bazar,0,7,84
20/05/2025,Time Bazar,3,3,93
20/05/2025,Milan Day,8,5,67
20/05/2025,Rajdhani Day,2,9,15
20/05/2025,Kalyan,9,0,62
20/05/2025,Milan Night,7,3,95
20/05/2025,Rajdhani Night,0,7,72
20/05/2025,Main Bazar,0,9,83
21/05/2025,Time Bazar,9,2,80
21/05/2025,Milan Day,7,7,95
21/05/2025,Rajdhani Day,8,9,84
21/05/2025,Kalyan,2,8,17
21/05/2025,Milan Night,9,2,42
21/05/2025,Rajdhani Night,7,9,70
21/05/2025,Main Bazar,6,7,81
22/05/2025,Time Bazar,0,9,21
22/05/2025,Milan Day,7,8,3
22/05/2025,Rajdhani Day,8,2,80
22/05/2025,Kalyan,5,0,32
22/05/2025,Milan Night,7,2,60
22/05/2025,Rajdhani Night,0,9,85
22/05/2025,Main Bazar,8,0,59
23/05/2025,Time Bazar,1,8,39
23/05/2025,Milan Day,8,9,55
23/05/2025,Rajdhani Day,5,0,86
23/05/2025,Kalyan,6,6,22
23/05/2025,Milan Night,4,5,32
23/05/2025,Rajdhani Night,0,1,55
23/05/2025,Main Bazar,7,3,33
24/05/2025,Time Bazar,7,0,76
24/05/2025,Milan Day,2,4,59
24/05/2025,Rajdhani Day,2,2,26
24/05/2025,Kalyan,4,1,32
24/05/2025,Milan Night,5,3,59
24/05/2025,Rajdhani Night,1,0,82
24/05/2025,Main Bazar,0,0,4
25/05/2025,Time Bazar,0,9,33
25/05/2025,Milan Day,2,1,83
25/05/2025,Rajdhani Day,7,3,75
25/05/2025,Kalyan,5,8,43
25/05/2025,Milan Night,8,4,69
25/05/2025,Rajdhani Night,7,2,9
25/05/2025,Main Bazar,5,0,72
26/05/2025,Time Bazar,7,0,16
26/05/2025,Milan Day,4,9,48
26/05/2025,Rajdhani Day,9,4,80
26/05/2025,Kalyan,0,1,85
26/05/2025,Milan Night,6,0,72
26/05/2025,Rajdhani Night,7,3,51
26/05/2025,Main Bazar,6,3,54
27/05/2025,Time Bazar,5,9,97
27/05/2025,Milan Day,7,0,60
27/05/2025,Rajdhani Day,3,9,60
27/05/2025,Kalyan,8,0,11
27/05/2025,Milan Night,5,8,13
27/05/2025,Rajdhani Night,3,2,0
27/05/2025,Main Bazar,9,8,11
28/05/2025,Time Bazar,9,7,11
28/05/2025,Milan Day,1,3,43
28/05/2025,Rajdhani Day,9,9,14
28/05/2025,Kalyan,4,6,35
28/05/2025,Milan Night,3,3,18
28/05/2025,Rajdhani Night,4,1,32
28/05/2025,Main Bazar,3,1,62
29/05/2025,Time Bazar,2,8,56
29/05/2025,Milan Day,4,8,69
29/05/2025,Rajdhani Day,4,7,93
29/05/2025,Kalyan,1,6,57
29/05/2025,Milan Night,2,3,81
29/05/2025,Rajdhani Night,1,5,18
29/05/2025,Main Bazar,5,9,54
30/05/2025,Time Bazar,9,3,8
30/05/2025,Milan Day,2,4,0
30/05/2025,Rajdhani Day,2,7,43
30/05/2025,Kalyan,0,7,10
30/05/2025,Milan Night,4,4,76
30/05/2025,Rajdhani Night,4,8,21
30/05/2025,Main Bazar,4,5,62
31/05/2025,Time Bazar,6,2,99
31/05/2025,Milan Day,4,1,22
31/05/2025,Rajdhani Day,5,7,39
31/05/2025,Kalyan,6,9,61
31/05/2025,Milan Night,4,3,29
31/05/2025,Rajdhani Night,5,5,20
31/05/2025,Main Bazar,0,6,77
01/06/2025,Time Bazar,1,2,50
01/06/2025,Milan Day,8,7,73
01/06/2025,Rajdhani Day,0,6,84
01/06/2025,Kalyan,4,9,16
01/06/2025,Milan Night,3,8,44
01/06/2025,Rajdhani Night,3,1,53
01/06/2025,Main Bazar,2,4,31
02/06/2025,Time Bazar,3,9,2
02/06/2025,Milan Day,9,7,1
02/06/2025,Rajdhani Day,8,4,85
02/06/2025,Kalyan,4,2,26
02/06/2025,Milan Night,5,3,18
02/06/2025,Rajdhani Night,0,7,61
02/06/2025,Main Bazar,0,6,22
03/06/2025,Time Bazar,1,0,36
03/06/2025,Milan Day,3,8,78
03/06/2025,Rajdhani Day,4,4,38
03/06/2025,Kalyan,3,1,76
03/06/2025,Milan Night,1,8,92
03/06/2025,Rajdhani Night,4,3,84
03/06/2025,Main Bazar,0,3,41
04/06/2025,Time Bazar,7,0,33
04/06/2025,Milan Day,5,7,69
04/06/2025,Rajdhani Day,7,9,16
04/06/2025,Kalyan,2,2,75
04/06/2025,Milan Night,6,0,59
04/06/2025,Rajdhani Night,7,2,92
04/06/2025,Main Bazar,7,8,75
05/06/2025,Time Bazar,8,4,37
05/06/2025,Milan Day,7,2,11
05/06/2025,Rajdhani Day,5,2,19
05/06/2025,Kalyan,8,4,73
05/06/2025,Milan Night,2,1,42
05/06/2025,Rajdhani Night,6,6,22
05/06/2025,Main Bazar,4,3,99
06/06/2025,Time Bazar,2,0,43
06/06/2025,Milan Day,2,9,77
06/06/2025,Rajdhani Day,3,8,31
06/06/2025,Kalyan,1,4,39
06/06/2025,Milan Night,6,4,38
06/06/2025,Rajdhani Night,1,8,60
06/06/2025,Main Bazar,1,4,52
07/06/2025,Time Bazar,9,6,64
07/06/2025,Milan Day,5,4,36
07/06/2025,Rajdhani Day,1,8,72
07/06/2025,Kalyan,1,0,3
07/06/2025,Milan Night,6,1,49
07/06/2025,Rajdhani Night,6,5,39
07/06/2025,Main Bazar,9,2,92
08/06/2025,Time Bazar,4,7,47
08/06/2025,Milan Day,5,1,48
08/06/2025,Rajdhani Day,9,6,95
08/06/2025,Kalyan,2,3,29
08/06/2025,Milan Night,2,2,12
08/06/2025,Rajdhani Night,6,6,99
08/06/2025,Main Bazar,3,7,59
09/06/2025,Time Bazar,4,6,27
09/06/2025,Milan Day,2,6,8
09/06/2025,Rajdhani Day,3,7,13
09/06/2025,Kalyan,0,1,85
09/06/2025,Milan Night,5,4,69
09/06/2025,Rajdhani Night,9,9,6
09/06/2025,Main Bazar,6,8,92
10/06/2025,Time Bazar,0,1,63
10/06/2025,Milan Day,0,6,87
10/06/2025,Rajdhani Day,6,1,65
10/06/2025,Kalyan,8,7,85
10/06/2025,Milan Night,1,0,37
10/06/2025,Rajdhani Night,1,9,25
10/06/2025,Main Bazar,1,1,89
11/06/2025,Time Bazar,9,7,44
11/06/2025,Milan Day,0,1,0
11/06/2025,Rajdhani Day,4,3,9
11/06/2025,Kalyan,8,0,68
11/06/2025,Milan Night,4,4,7
11/06/2025,Rajdhani Night,1,2,44
11/06/2025,Main Bazar,2,5,28
12/06/2025,Time Bazar,9,2,42
12/06/2025,Milan Day,8,2,64
12/06/2025,Rajdhani Day,5,2,30
12/06/2025,Kalyan,6,5,39
12/06/2025,Milan Night,9,0,84
12/06/2025,Rajdhani Night,0,8,44
12/06/2025,Main Bazar,4,2,32
13/06/2025,Time Bazar,1,4,93
13/06/2025,Milan Day,9,0,32
13/06/2025,Rajdhani Day,9,2,90
13/06/2025,Kalyan,7,6,85
13/06/2025,Milan Night,7,3,30
13/06/2025,Rajdhani Night,5,4,6
13/06/2025,Main Bazar,3,0,37
14/06/2025,Time Bazar,0,9,72
14/06/2025,Milan Day,9,9,49
14/06/2025,Rajdhani Day,2,9,7
14/06/2025,Kalyan,2,4,55
14/06/2025,Milan Night,3,6,43
14/06/2025,Rajdhani Night,8,8,24
14/06/2025,Main Bazar,5,8,61
15/06/2025,Time Bazar,5,9,33
15/06/2025,Milan Day,9,2,5
15/06/2025,Rajdhani Day,4,5,98
15/06/2025,Kalyan,8,9,7
15/06/2025,Milan Night,9,5,45
15/06/2025,Rajdhani Night,1,1,25
15/06/2025,Main Bazar,8,0,0
16/06/2025,Time Bazar,7,4,49
16/06/2025,Milan Day,7,8,62
16/06/2025,Rajdhani Day,3,7,26
16/06/2025,Kalyan,5,2,47
16/06/2025,Milan Night,1,5,77
16/06/2025,Rajdhani Night,7,3,68
16/06/2025,Main Bazar,5,4,98
17/06/2025,Time Bazar,1,5,60
17/06/2025,Milan Day,3,5,45
17/06/2025,Rajdhani Day,1,6,67
17/06/2025,Kalyan,1,9,74
17/06/2025,Milan Night,7,2,4
17/06/2025,Rajdhani Night,4,8,63
17/06/2025,Main Bazar,8,9,14
18/06/2025,Time Bazar,3,7,96
18/06/2025,Milan Day,1,8,24
18/06/2025,Rajdhani Day,6,1,71
18/06/2025,Kalyan,3,5,9
18/06/2025,Milan Night,5,1,55
18/06/2025,Rajdhani Night,5,2,61
18/06/2025,Main Bazar,1,9,93
19/06/2025,Time Bazar,8,8,74
19/06/2025,Milan Day,0,4,43
19/06/2025,Rajdhani Day,0,4,38
19/06/2025,Kalyan,7,2,11
19/06/2025,Milan Night,0,1,71
19/06/2025,Rajdhani Night,6,4,92
19/06/2025,Main Bazar,5,4,71
20/06/2025,Time Bazar,0,7,82
20/06/2025,Milan Day,4,9,27
20/06/2025,Rajdhani Day,9,6,79
20/06/2025,Kalyan,3,9,49
20/06/2025,Milan Night,8,4,26
20/06/2025,Rajdhani Night,9,5,88
20/06/2025,Main Bazar,9,6,32
21/06/2025,Time Bazar,8,0,90
21/06/2025,Milan Day,6,2,80
21/06/2025,Rajdhani Day,0,7,45
21/06/2025,Kalyan,9,8,86
21/06/2025,Milan Night,6,2,81
21/06/2025,Rajdhani Night,8,8,58
21/06/2025,Main Bazar,8,4,38
22/06/2025,Time Bazar,5,2,86
22/06/2025,Milan Day,7,1,96
22/06/2025,Rajdhani Day,1,4,79
22/06/2025,Kalyan,5,4,23
22/06/2025,Milan Night,8,4,95
22/06/2025,Rajdhani Night,9,1,3
22/06/2025,Main Bazar,0,4,17
23/06/2025,Time Bazar,4,6,17
23/06/2025,Milan Day,1,6,14
23/06/2025,Rajdhani Day,0,1,7
23/06/2025,Kalyan,4,2,3
23/06/2025,Milan Night,6,0,24
23/06/2025,Rajdhani Night,9,1,16
23/06/2025,Main Bazar,2,0,1
24/06/2025,Time Bazar,1,3,98
24/06/2025,Milan Day,7,8,60
24/06/2025,Rajdhani Day,1,6,25
24/06/2025,Kalyan,1,8,35
24/06/2025,Milan Night,8,7,53
24/06/2025,Rajdhani Night,2,2,95
24/06/2025,Main Bazar,6,6,43
25/06/2025,Time Bazar,2,6,61
25/06/2025,Milan Day,8,3,55
25/06/2025,Rajdhani Day,4,2,38
25/06/2025,Kalyan,0,9,0
25/06/2025,Milan Night,0,8,38
25/06/2025,Rajdhani Night,0,6,92
25/06/2025,Main Bazar,2,8,41
26/06/2025,Time Bazar,4,8,16
26/06/2025,Milan Day,1,4,8
26/06/2025,Rajdhani Day,1,3,83
26/06/2025,Kalyan,2,5,40
26/06/2025,Milan Night,8,9,36
26/06/2025,Rajdhani Night,7,7,90
26/06/2025,Main Bazar,2,4,79
27/06/2025,Time Bazar,9,1,81
27/06/2025,Milan Day,8,3,83
27/06/2025,Rajdhani Day,4,7,82
27/06/2025,Kalyan,3,9,57
27/06/2025,Milan Night,8,7,87
27/06/2025,Rajdhani Night,2,2,2
27/06/2025,Main Bazar,0,4,85
28/06/2025,Time Bazar,8,7,97
28/06/2025,Milan Day,8,7,45
28/06/2025,Rajdhani Day,5,4,13
28/06/2025,Kalyan,0,3,99
28/06/2025,Milan Night,3,2,87
28/06/2025,Rajdhani Night,5,6,13
28/06/2025,Main Bazar,5,9,25
29/06/2025,Time Bazar,0,7,7
29/06/2025,Milan Day,4,1,62
29/06/2025,Rajdhani Day,4,8,17
29/06/2025,Kalyan,9,8,93
29/06/2025,Milan Night,1,3,36
29/06/2025,Rajdhani Night,4,5,89
29/06/2025,Main Bazar,4,7,81
30/06/2025,Time Bazar,9,9,82
30/06/2025,Milan Day,2,3,57
30/06/2025,Rajdhani Day,9,7,23
30/06/2025,Kalyan,6,9,8
30/06/2025,Milan Night,8,3,52
30/06/2025,Rajdhani Night,3,3,29
30/06/2025,Main Bazar,3,0,29
01/07/2025,Time Bazar,6,7,14
01/07/2025,Milan Day,0,4,75
01/07/2025,Rajdhani Day,2,5,40
01/07/2025,Kalyan,6,8,77
01/07/2025,Milan Night,3,1,68
01/07/2025,Rajdhani Night,2,9,86
01/07/2025,Main Bazar,1,0,89
02/07/2025,Time Bazar,0,4,32
02/07/2025,Milan Day,4,1,2
02/07/2025,Rajdhani Day,1,9,98
02/07/2025,Kalyan,6,9,64
02/07/2025,Milan Night,7,9,5
02/07/2025,Rajdhani Night,5,0,5
02/07/2025,Main Bazar,8,1,30
03/07/2025,Time Bazar,5,2,65
03/07/2025,Milan Day,0,7,36
03/07/2025,Rajdhani Day,9,5,64
03/07/2025,Kalyan,7,1,99
03/07/2025,Milan Night,7,3,8
03/07/2025,Rajdhani Night,6,5,70
03/07/2025,Main Bazar,2,0,65
04/07/2025,Time Bazar,6,4,2
04/07/2025,Milan Day,8,6,40
04/07/2025,Rajdhani Day,3,6,89
04/07/2025,Kalyan,8,5,51
04/07/2025,Milan Night,4,1,5
04/07/2025,Rajdhani Night,4,9,32
04/07/2025,Main Bazar,3,4,34
05/07/2025,Time Bazar,2,5,79
05/07/2025,Milan Day,9,8,8
05/07/2025,Rajdhani Day,6,1,34
05/07/2025,Kalyan,7,8,25
05/07/2025,Milan Night,7,7,49
05/07/2025,Rajdhani Night,2,4,41
05/07/2025,Main Bazar,2,6,64
06/07/2025,Time Bazar,2,3,6
06/07/2025,Milan Day,2,7,57
06/07/2025,Rajdhani Day,3,9,17
06/07/2025,Kalyan,1,0,42
06/07/2025,Milan Night,0,3,43
06/07/2025,Rajdhani Night,6,2,70
06/07/2025,Main Bazar,4,8,1
07/07/2025,Time Bazar,7,0,26
07/07/2025,Milan Day,1,2,7
07/07/2025,Rajdhani Day,9,9,64
07/07/2025,Kalyan,9,3,43
07/07/2025,Milan Night,8,9,18
07/07/2025,Rajdhani Night,7,5,66
07/07/2025,Main Bazar,2,2,42
08/07/2025,Time Bazar,9,3,34
08/07/2025,Milan Day,8,0,87
08/07/2025,Rajdhani Day,7,7,42
08/07/2025,Kalyan,1,0,53
08/07/2025,Milan Night,0,1,95
08/07/2025,Rajdhani Night,3,0,74
08/07/2025,Main Bazar,5,2,40
09/07/2025,Time Bazar,0,6,55
09/07/2025,Milan Day,8,0,69
09/07/2025,Rajdhani Day,9,1,47
09/07/2025,Kalyan,2,2,55
09/07/2025,Milan Night,1,2,77
09/07/2025,Rajdhani Night,1,6,23
09/07/2025,Main Bazar,1,0,43
10/07/2025,Time Bazar,2,4,80
10/07/2025,Milan Day,6,5,71
10/07/2025,Rajdhani Day,9,2,7
10/07/2025,Kalyan,4,3,72
10/07/2025,Milan Night,2,7,8
10/07/2025,Rajdhani Night,9,5,15
10/07/2025,Main Bazar,8,7,39
11/07/2025,Time Bazar,0,1,83
11/07/2025,Milan Day,0,9,13
11/07/2025,Rajdhani Day,0,5,42
11/07/2025,Kalyan,7,3,77
11/07/2025,Milan Night,0,0,0
11/07/2025,Rajdhani Night,9,0,44
11/07/2025,Main Bazar,9,3,98
12/07/2025,Time Bazar,2,8,1
12/07/2025,Milan Day,9,6,26
12/07/2025,Rajdhani Day,8,8,59
12/07/2025,Kalyan,6,3,44
12/07/2025,Milan Night,3,6,4
12/07/2025,Rajdhani Night,8,4,41
12/07/2025,Main Bazar,2,0,69
13/07/2025,Time Bazar,8,9,92
13/07/2025,Milan Day,9,7,60
13/07/2025,Rajdhani Day,0,7,31
13/07/2025,Kalyan,8,7,46
13/07/2025,Milan Night,5,9,97
13/07/2025,Rajdhani Night,2,3,70
13/07/2025,Main Bazar,9,3,4
14/07/2025,Time Bazar,3,6,89
14/07/2025,Milan Day,5,7,22
14/07/2025,Rajdhani Day,2,2,19
14/07/2025,Kalyan,6,7,95
14/07/2025,Milan Night,9,9,47
14/07/2025,Rajdhani Night,8,5,3
14/07/2025,Main Bazar,2,7,26
15/07/2025,Time Bazar,5,8,35
15/07/2025,Milan Day,1,0,97
15/07/2025,Rajdhani Day,8,0,9
15/07/2025,Kalyan,2,7,78
15/07/2025,Milan Night,5,4,1
15/07/2025,Rajdhani Night,3,5,29
15/07/2025,Main Bazar,8,8,43
16/07/2025,Time Bazar,5,3,6
16/07/2025,Milan Day,6,4,53
16/07/2025,Rajdhani Day,9,9,2
16/07/2025,Kalyan,8,7,49
16/07/2025,Milan Night,6,9,99
16/07/2025,Rajdhani Night,9,8,68
16/07/2025,Main Bazar,3,0,40
17/07/2025,Time Bazar,7,7,85
17/07/2025,Milan Day,6,9,42
17/07/2025,Rajdhani Day,8,2,60
17/07/2025,Kalyan,5,8,63
17/07/2025,Milan Night,9,8,55
17/07/2025,Rajdhani Night,5,1,10
17/07/2025,Main Bazar,1,0,60
18/07/2025,Time Bazar,9,0,88
18/07/2025,Milan Day,2,2,87
18/07/2025,Rajdhani Day,5,6,13
18/07/2025,Kalyan,2,8,71
18/07/2025,Milan Night,1,9,97
18/07/2025,Rajdhani Night,6,3,22
18/07/2025,Main Bazar,3,0,52
19/07/2025,Time Bazar,2,2,74
19/07/2025,Milan Day,0,1,56
19/07/2025,Rajdhani Day,0,5,30
19/07/2025,Kalyan,8,3,13
19/07/2025,Milan Night,9,9,5
19/07/2025,Rajdhani Night,5,6,42
19/07/2025,Main Bazar,2,4,81
20/07/2025,Time Bazar,0,5,24
20/07/2025,Milan Day,7,6,66
20/07/2025,Rajdhani Day,2,6,24
20/07/2025,Kalyan,6,3,73
20/07/2025,Milan Night,0,6,99
20/07/2025,Rajdhani Night,9,1,66
20/07/2025,Main Bazar,4,7,39
21/07/2025,Time Bazar,8,8,43
21/07/2025,Milan Day,2,5,25
21/07/2025,Rajdhani Day,3,7,37
21/07/2025,Kalyan,1,0,94
21/07/2025,Milan Night,0,5,67
21/07/2025,Rajdhani Night,2,2,35
21/07/2025,Main Bazar,4,7,41
22/07/2025,Time Bazar,0,8,77
22/07/2025,Milan Day,2,9,4
22/07/2025,Rajdhani Day,8,5,49
22/07/2025,Kalyan,7,0,58
22/07/2025,Milan Night,7,8,62
22/07/2025,Rajdhani Night,8,5,38
22/07/2025,Main Bazar,4,0,43
23/07/2025,Time Bazar,8,9,3
23/07/2025,Milan Day,2,2,58
23/07/2025,Rajdhani Day,9,5,90
23/07/2025,Kalyan,9,5,84
23/07/2025,Milan Night,2,0,13
23/07/2025,Rajdhani Night,0,6,42
23/07/2025,Main Bazar,1,3,7
24/07/2025,Time Bazar,5,1,72
24/07/2025,Milan Day,8,6,55
24/07/2025,Rajdhani Day,6,3,77
24/07/2025,Kalyan,2,0,81
24/07/2025,Milan Night,7,2,63
24/07/2025,Rajdhani Night,4,4,12
24/07/2025,Main Bazar,6,7,15

